rolls	index	token
11111	0	ac_mong
11112	1	ac_quy
11113	2	album
11114	3	am
11115	4	am_anh
11116	5	am_ap
11121	6	am_chi
11122	7	am_muu
11123	8	am_nhac
11124	9	am_thanh
11125	10	am_thuc
11126	11	an_cap
11131	12	an_chay
11132	13	an_com
11133	14	an_dien
11134	15	an_giau
11135	16	an_mac
11136	17	an_mung
11141	18	an_ninh
11142	19	an_noi
11143	20	an_o
11144	21	an_toan
11145	22	an_trom
11146	23	an_tuong
11151	24	an_ui
11152	25	an_uong
11153	26	anh
11154	27	anh_em
11155	28	anh_hung
11156	29	anh_huong
11161	30	anh_sang
11162	31	ao
11163	32	ao_khoac
11164	33	ap_dung
11165	34	ap_suat
11166	35	au
11211	36	ba
11212	37	ba_noi
11213	38	bac
11214	39	bac_bo
11215	40	bac_si
11216	41	bac_sy
11221	42	bai
11222	43	bai_bien
11223	44	bai_bo
11224	45	bai_co
11225	46	bai_giang
11226	47	bai_hat
11231	48	bai_hoc
11232	49	bai_tap
11233	50	bai_tho
11234	51	bai_viet
11235	52	bam
11236	53	ban
11241	54	ban_bac
11242	55	ban_be
11243	56	ban_chan
11244	57	ban_chat
11245	58	ban_chay
11246	59	ban_dau
11251	60	ban_dem
11252	61	ban_do
11253	62	ban_doc
11254	63	ban_gai
11255	64	ban_goc
11256	65	ban_luan
11261	66	ban_nang
11262	67	ban_ngay
11263	68	ban_ngu
11264	69	ban_nhac
11265	70	ban_ron
11266	71	ban_tay
11311	72	ban_than
11312	73	ban_xu
11313	74	bang
11314	75	bang_chung
11315	76	bang_den
11316	77	bang_ha
11321	78	banh
11322	79	banh_mi
11323	80	banh_ngot
11324	81	banh_quy
11325	82	banh_xe
11326	83	bao
11331	84	bao_cao
11332	85	bao_chi
11333	86	bao_gom
11334	87	bao_hiem
11335	88	bao_luc
11336	89	bao_phu
11341	90	bao_quan
11342	91	bao_quanh
11343	92	bao_thuc
11344	93	bao_ve
11345	94	bap
11346	95	bat
11351	96	bat_buoc
11352	97	bat_can
11353	98	bat_chap
11354	99	bat_coc
11355	100	bat_cong
11356	101	bat_dau
11361	102	bat_gap
11362	103	bat_giu
11363	104	bat_hanh
11364	105	bat_ky
11365	106	bat_luc
11366	107	bat_man
11411	108	bat_ngo
11412	109	bat_nguon
11413	110	bat_tay
11414	111	bat_tinh
11415	112	bat_tu
11416	113	bau_cu
11421	114	bau_troi
11422	115	bay
11423	116	bay_to
11424	117	be
11425	118	be_boi
11426	119	be_mat
11431	120	be_ngoai
11432	121	ben
11433	122	ben_canh
11434	123	ben_ngoai
11435	124	ben_vung
11436	125	ben_xe
11441	126	benh
11442	127	benh_nhan
11443	128	benh_tat
11444	129	benh_vien
11445	130	beo
11446	131	bep
11451	132	bi
11452	133	bi_an
11453	134	bi_cao
11454	135	bi_mat
11455	136	bi_quan
11456	137	bi_quyet
11461	138	bia
11462	139	bien
11463	140	bien_bao
11464	141	bien_dich
11465	142	bien_doi
11466	143	bien_ho
11511	144	bien_mat
11512	145	biet
11513	146	biet_dieu
11514	147	biet_on
11515	148	bieu_dien
11516	149	bieu_tinh
11521	150	bieu_tuong
11522	151	binh
11523	152	binh_dang
11524	153	binh_luan
11525	154	binh_thuong
11526	155	binh_tinh
11531	156	bo
11532	157	bo_cau
11533	158	bo_cuoc
11534	159	bo_do
11535	160	bo_lo
11536	161	bo_me
11541	162	bo_phan
11542	163	bo_phieu
11543	164	bo_qua
11544	165	bo_roi
11545	166	bo_truong
11546	167	boc
11551	168	boi
11552	169	boi_ban
11553	170	boi_canh
11554	171	boi_loi
11555	172	boi_roi
11556	173	bon_phan
11561	174	bong
11562	175	bong_chay
11563	176	bong_chuyen
11564	177	bong_da
11565	178	bong_ngo
11566	179	bong_ro
11611	180	bong_toi
11612	181	bop
11613	182	bot
11614	183	bu
11615	184	bua
11616	185	bua_an
11621	186	buc
11622	187	buc_boi
11623	188	bui
11624	189	bung
11625	190	buoc
11626	191	buoc_toi
11631	192	buoi
11632	193	buoi_chieu
11633	194	buoi_sang
11634	195	buoi_toi
11635	196	buoi_trua
11636	197	buon
11641	198	buon_cuoi
11642	199	buon_ngu
11643	200	buon_phien
11644	201	bup
11645	202	bup_be
11646	203	but
11651	204	but_chi
11652	205	buu_dien
11653	206	ca
11654	207	ca_chua
11655	208	ca_nhan
11656	209	ca_phe
11661	210	ca_rot
11662	211	ca_si
11663	212	ca_voi
11664	213	cach_mang
11665	214	cai
11666	215	cai_cach
12111	216	cai_co
12112	217	cai_dat
12113	218	cai_thien
12114	219	cai_tien
12115	220	cai_trang
12116	221	cai_tri
12121	222	cam
12122	223	cam_dong
12123	224	cam_giac
12124	225	cam_hung
12125	226	cam_ket
12126	227	cam_nhan
12131	228	cam_on
12132	229	cam_sung
12133	230	cam_thay
12134	231	cam_trai
12135	232	cam_xuc
12136	233	can
12141	234	can_bo
12142	235	can_cu
12143	236	can_dam
12144	237	can_ho
12145	238	can_nhac
12146	239	can_than
12151	240	can_thiep
12152	241	can_thiet
12153	242	can_trong
12154	243	cang
12155	244	cang_thang
12156	245	canh
12161	246	canh_bao
12162	247	canh_giac
12163	248	canh_sat
12164	249	canh_tay
12165	250	canh_tranh
12166	251	cao
12211	252	cao_buoc
12212	253	cao_cap
12213	254	cao_oc
12214	255	cao_su
12215	256	cap
12216	257	cap_cuu
12221	258	cap_doi
12222	259	cat
12223	260	cat_canh
12224	261	cat_toc
12225	262	cau
12226	263	cau_chuyen
12231	264	cau_do
12232	265	cau_hoi
12233	266	cau_nguyen
12234	267	cau_noi
12235	268	cau_tao
12236	269	cau_thang
12241	270	cau_thu
12242	271	cau_xin
12243	272	cay
12244	273	cay_coi
12245	274	cay_so
12246	275	cay_xang
12251	276	cha
12252	277	cha_me
12253	278	chac
12254	279	chac_chan
12255	280	chai
12256	281	cham
12261	282	cham_chi
12262	283	cham_chu
12263	284	cham_dut
12264	285	cham_soc
12265	286	chan
12266	287	chan_nan
12311	288	chan_thanh
12312	289	chan_that
12313	290	chan_troi
12314	291	chang
12315	292	chang_trai
12316	293	chanh
12321	294	chao
12322	295	chao_don
12323	296	chao_hoi
12324	297	chao_mung
12325	298	chap
12326	299	chap_nhan
12331	300	chat
12332	301	chat_long
12333	302	chat_luong
12334	303	chau
12335	304	chay
12336	305	chay_mau
12341	306	che
12342	307	che_day
12343	308	che_do
12344	309	che_giau
12345	310	che_tao
12346	311	chen
12351	312	cheo
12352	313	chet
12353	314	chet_duoi
12354	315	chi
12355	316	chi_em
12356	317	chi_phi
12361	318	chi_so
12362	319	chi_tiet
12363	320	chi_tra
12364	321	chi_trich
12365	322	chia
12366	323	chia_buon
12411	324	chia_khoa
12412	325	chia_se
12413	326	chia_tay
12414	327	chiem
12415	328	chiem_nguong
12416	329	chien_dau
12421	330	chien_dich
12422	331	chien_thang
12423	332	chieu
12424	333	chim
12425	334	chin
12426	335	chinh
12431	336	chinh_dang
12432	337	chinh_phu
12433	338	chinh_phuc
12434	339	chinh_quyen
12435	340	chinh_sach
12436	341	chinh_ta
12441	342	chinh_thuc
12442	343	chinh_tri
12443	344	chinh_xac
12444	345	chiu
12445	346	chiu_dung
12446	347	cho
12451	348	cho_biet
12452	349	cho_doi
12453	350	cho_la
12454	351	cho_ngoi
12455	352	cho_phep
12456	353	cho_rang
12461	354	cho_soi
12462	355	choc
12463	356	choi
12464	357	choi_dua
12465	358	chon
12466	359	chon_cat
12511	360	chon_lua
12512	361	chong
12513	362	chong_lai
12514	363	chong_mat
12515	364	chop
12516	365	chu
12521	366	chu_cai
12522	367	chu_de
12523	368	chu_nghia
12524	369	chu_nhan
12525	370	chu_quyen
12526	371	chu_viet
12531	372	chu_y
12532	373	chu_yeu
12533	374	chua
12534	375	chua_dung
12535	376	chuan
12536	377	chuan_bi
12541	378	chuc
12542	379	chuc_mung
12543	380	chuc_nang
12544	381	chuc_trach
12545	382	chuc_vu
12546	383	chui
12551	384	chum
12552	385	chung
12553	386	chung_khoan
12554	387	chung_kien
12555	388	chung_to
12556	389	chung_toc
12561	390	chuoc
12562	391	chuoi
12563	392	chuon
12564	393	chuong
12565	394	chuong_trinh
12566	395	chuot
12611	396	chup
12612	397	chup_anh
12613	398	chut
12614	399	chuyen
12615	400	chuyen_bay
12616	401	chuyen_dong
12621	402	chuyen_gia
12622	403	chuyen_nganh
12623	404	chuyen_nghiep
12624	405	co
12625	406	co_ban
12626	407	co_bap
12631	408	co_be
12632	409	co_dai
12633	410	co_dau
12634	411	co_dien
12635	412	co_don
12636	413	co_gai
12641	414	co_gang
12642	415	co_giao
12643	416	co_giat
12644	417	co_hoi
12645	418	co_hong
12646	419	co_ich
12651	420	co_loi
12652	421	co_ly
12653	422	co_mat
12654	423	co_so
12655	424	co_the
12656	425	co_tich
12661	426	co_tuoi
12662	427	co_vu
12663	428	co_vua
12664	429	coi
12665	430	coi_chung
12666	431	coi_mo
13111	432	coi_thuong
13112	433	coi_trong
13113	434	com_rang
13114	435	con
13115	436	con_be
13116	437	con_cai
13121	438	con_gai
13122	439	con_lai
13123	440	con_mot
13124	441	con_nguoi
13125	442	con_nuoi
13126	443	con_so
13131	444	con_trai
13132	445	con_trung
13133	446	cong
13134	447	cong_an
13135	448	cong_bo
13136	449	cong_chua
13141	450	cong_chung
13142	451	cong_cong
13143	452	cong_cu
13144	453	cong_dan
13145	454	cong_dong
13146	455	cong_hien
13151	456	cong_nghe
13152	457	cong_nghiep
13153	458	cong_nhan
13154	459	cong_san
13155	460	cong_tac
13156	461	cong_thuc
13161	462	cong_ti
13162	463	cong_ty
13163	464	cong_viec
13164	465	cong_vien
13165	466	cot
13166	467	cu
13211	468	cu_cai
13212	469	cu_dong
13213	470	cu_the
13214	471	cu_tru
13215	472	cu_xu
13216	473	cua
13221	474	cua_hang
13222	475	cua_so
13223	476	cuc
13224	477	cuc_doan
13225	478	cui
13226	479	cum
13231	480	cum_tu
13232	481	cung
13233	482	cung_cap
13234	483	cuoc
13235	484	cuoc_doi
13236	485	cuoc_song
13241	486	cuoi
13242	487	cuoi_cung
13243	488	cuoi_tuan
13244	489	cuon
13245	490	cuong
13246	491	cuong_trang
13251	492	cuop
13252	493	cut
13253	494	cuu
13254	495	da
13255	496	da_bong
13256	497	da_dang
13261	498	da_ngoai
13262	499	da_so
13263	500	dac
13264	501	dac_biet
13265	502	dai
13266	503	dai_bang
13311	504	dai_bieu
13312	505	dai_dich
13313	506	dai_dien
13314	507	dai_duong
13315	508	dai_lo
13316	509	dai_so
13321	510	dai_su
13322	511	dai_tu
13323	512	dam
13324	513	dam_bao
13325	514	dam_cuoi
13326	515	dam_dong
13331	516	dam_me
13332	517	dan
13333	518	dan_ba
13334	519	dan_chu
13335	520	dan_ong
13336	521	dang
13341	522	dang_ke
13342	523	dang_ky
13343	524	dang_so
13344	525	dang_thuong
13345	526	dang_yeu
13346	527	danh
13351	528	danh_bai
13352	529	danh_doi
13353	530	danh_gia
13354	531	danh_hieu
13355	532	danh_lua
13356	533	danh_nhau
13361	534	danh_rang
13362	535	danh_sach
13363	536	danh_thiep
13364	537	danh_thuc
13365	538	danh_tieng
13366	539	danh_van
13411	540	dao
13412	541	dao_dien
13413	542	dao_duc
13414	543	dao_nguoc
13415	544	dap
13416	545	dap_an
13421	546	dap_ung
13422	547	dat
13423	548	dat_dai
13424	549	dat_do
13425	550	dat_hang
13426	551	dat_nuoc
13431	552	dat_ten
13432	553	dau
13433	554	dau_bep
13434	555	dau_buon
13435	556	dau_cham
13436	557	dau_dau
13441	558	dau_don
13442	559	dau_goi
13443	560	dau_hang
13444	561	dau_hieu
13445	562	dau_kho
13446	563	dau_mo
13451	564	dau_oc
13452	565	dau_tay
13453	566	dau_tien
13454	567	dau_tu
13455	568	dau_vao
13456	569	day
13461	570	day_chuyen
13462	571	day_dac
13463	572	day_du
13464	573	day_giay
13465	574	day_hoc
13466	575	day_thi
13511	576	de
13512	577	de_cap
13513	578	de_chiu
13514	579	de_dang
13515	580	de_danh
13516	581	de_doa
13521	582	de_mat
13522	583	de_nghi
13523	584	de_phong
13524	585	de_tai
13525	586	de_tam
13526	587	de_thuong
13531	588	de_xuat
13532	589	de_y
13533	590	dem
13534	591	den
13535	592	den_muc
13536	593	den_pin
13541	594	dep
13542	595	dep_de
13543	596	dep_trai
13544	597	deu
13545	598	di
13546	599	di_bo
13551	600	di_choi
13552	601	di_chuc
13553	602	di_chuyen
13554	603	di_cu
13555	604	di_dao
13556	605	di_lam
13561	606	di_san
13562	607	di_vang
13563	608	di_vao
13564	609	dia
13565	610	dia_chi
13566	611	dia_diem
13611	612	dia_hinh
13612	613	dia_phuong
13613	614	dich
13614	615	dich_vu
13615	616	diem
13616	617	diem_tam
13621	618	dien
13622	619	dien_anh
13623	620	dien_hinh
13624	621	dien_may
13625	622	dien_ra
13626	623	dien_ta
13631	624	dien_thoai
13632	625	dien_tich
13633	626	dien_vien
13634	627	diet
13635	628	dieu
13636	629	dieu_do
13641	630	dieu_hanh
13642	631	dieu_hoa
13643	632	dieu_kien
13644	633	dieu_tra
13645	634	dieu_tri
13646	635	dinh
13651	636	dinh_cong
13652	637	dinh_hon
13653	638	dinh_kien
13654	639	dinh_nghia
13655	640	dip
13656	641	diu
13661	642	do
13662	643	do_an
13663	644	do_choi
13664	645	do_dac
13665	646	do_la
13666	647	do_uong
14111	648	doa
14112	649	doan
14113	650	doan_ket
14114	651	doanh_nghiep
14115	652	doanh_nhan
14116	653	doanh_thu
14121	654	doc
14122	655	doc_dao
14123	656	doc_gia
14124	657	doc_lap
14125	658	doc_than
14126	659	doi
14131	660	doi_chieu
14132	661	doi_dien
14133	662	doi_hoi
14134	663	doi_lap
14135	664	doi_phuong
14136	665	doi_song
14141	666	doi_thay
14142	667	doi_thu
14143	668	doi_tuyen
14144	669	doi_xu
14145	670	don
14146	671	don_dep
14151	672	don_gian
14152	673	dong
14153	674	dong_bang
14154	675	dong_bo
14155	676	dong_cam
14156	677	dong_chi
14161	678	dong_co
14162	679	dong_dat
14163	680	dong_duc
14164	681	dong_gop
14165	682	dong_hanh
14166	683	dong_ho
14211	684	dong_luc
14212	685	dong_nghia
14213	686	dong_phuc
14214	687	dong_tinh
14215	688	dong_tu
14216	689	dong_vat
14221	690	dong_vien
14222	691	dong_y
14223	692	dot
14224	693	dot_nhap
14225	694	du
14226	695	du_an
14231	696	du_bao
14232	697	du_dinh
14233	698	du_doan
14234	699	du_hoc
14235	700	du_kien
14236	701	du_lich
14241	702	du_lieu
14242	703	dua
14243	704	dua_be
14244	705	dua_chuot
14245	706	dua_ra
14246	707	duc
14251	708	dun
14252	709	dung
14253	710	dung_cam
14254	711	dung_cu
14255	712	dung_dan
14256	713	dung_day
14261	714	dung_lai
14262	715	duoc
14263	716	duoi
14264	717	duoi_theo
14265	718	duong
14266	719	duong_nhien
14311	720	duong_pho
14312	721	dut
14313	722	duy_nhat
14314	723	duy_tri
14315	724	duyet
14316	725	ech
14321	726	em
14322	727	em_be
14323	728	ep
14324	729	gac
14325	730	gach
14326	731	gai
14331	732	gam
14332	733	gan
14333	734	gang
14334	735	gang_tay
14335	736	ganh
14336	737	ganh_vac
14341	738	gao
14342	739	gap
14343	740	gap_doi
14344	741	gap_go
14345	742	gap_phai
14346	743	gat
14351	744	gay
14352	745	gay_gat
14353	746	gay_su
14354	747	ghe
14355	748	ghen
14356	749	ghen_ti
14361	750	ghet
14362	751	ghi_am
14363	752	ghi_chep
14364	753	ghi_chu
14365	754	ghi_hinh
14366	755	ghi_nhan
14411	756	ghi_nho
14412	757	gia
14413	758	gia_ca
14414	759	gia_dinh
14415	760	gia_nhap
14416	761	gia_thuyet
14421	762	gia_tri
14422	763	gia_vo
14423	764	giac
14424	765	giac_mo
14425	766	giac_quan
14426	767	giai
14431	768	giai_doan
14432	769	giai_khat
14433	770	giai_lao
14434	771	giai_ma
14435	772	giai_phap
14436	773	giai_quyet
14441	774	giai_thich
14442	775	giai_thuong
14443	776	giai_tri
14444	777	giam
14445	778	giam_doc
14446	779	giam_gia
14451	780	giam_sat
14452	781	gian
14453	782	gian_diep
14454	783	gian_doan
14455	784	gian_du
14456	785	gian_lan
14461	786	giang
14462	787	giang_ho
14463	788	gianh
14464	789	giao
14465	790	giao_duc
14466	791	giao_khoa
14511	792	giao_su
14512	793	giao_thong
14513	794	giao_tiep
14514	795	giao_vien
14515	796	giat
14516	797	giau
14521	798	giau_co
14522	799	giay
14523	800	giay_lat
14524	801	giay_phep
14525	802	gieng
14526	803	gieo
14531	804	giet
14532	805	giet_nguoi
14533	806	gio
14534	807	gioi_han
14535	808	giong
14536	809	giong_nhu
14541	810	giong_noi
14542	811	giot
14543	812	giu
14544	813	giuong
14545	814	giup
14546	815	giup_do
14551	816	giup_ich
14552	817	go
14553	818	goc
14554	819	goi
14555	820	goi_y
14556	821	gom
14561	822	gon
14562	823	gop
14563	824	gop_phan
14564	825	gu
14565	826	guc
14566	827	gui
14611	828	guong
14612	829	guong_mat
14613	830	ha
14614	831	ha_canh
14615	832	hac
14616	833	hai
14621	834	hai_hoa
14622	835	hai_huoc
14623	836	hai_long
14624	837	hai_quan
14625	838	hai_san
14626	839	ham
14631	840	han
14632	841	han_hanh
14633	842	hang
14634	843	hang_dau
14635	844	hang_hoa
14636	845	hang_rao
14641	846	hang_xom
14642	847	hanh_dien
14643	848	hanh_dong
14644	849	hanh_khach
14645	850	hanh_lang
14646	851	hanh_ly
14651	852	hanh_nhan
14652	853	hanh_phuc
14653	854	hanh_tay
14654	855	hanh_tinh
14655	856	hanh_trinh
14656	857	hanh_vi
14661	858	hao_hung
14662	859	hao_phong
14663	860	hap
14664	861	hap_dan
14665	862	hap_thu
14666	863	hat
15111	864	hat_giong
15112	865	hat_nhan
15113	866	hau_qua
15114	867	he
15115	868	he_thong
15116	869	hen
15121	870	hen_ho
15122	871	heo
15123	872	hep
15124	873	het
15125	874	het_ca
15126	875	hiem
15131	876	hien
15132	877	hien_dai
15133	878	hien_nhien
15134	879	hien_tai
15135	880	hien_thuc
15136	881	hien_truong
15141	882	hien_tuong
15142	883	hien_vat
15143	884	hiep_hoi
15144	885	hieu
15145	886	hieu_biet
15146	887	hieu_lam
15151	888	hieu_luc
15152	889	hieu_qua
15153	890	hieu_truong
15154	891	hinh_anh
15155	892	hinh_hoc
15156	893	hinh_phat
15161	894	hinh_thanh
15162	895	hinh_thuc
15163	896	hinh_tron
15164	897	hit
15165	898	ho
15166	899	ho_chieu
15211	900	ho_hang
15212	901	ho_so
15213	902	ho_tro
15214	903	hoa
15215	904	hoa_don
15216	905	hoa_hoc
15221	906	hoa_hong
15222	907	hoa_hop
15223	908	hoa_nhac
15224	909	hoa_qua
15225	910	hoa_si
15226	911	hoan
15231	912	hoan_canh
15232	913	hoan_hao
15233	914	hoan_nan
15234	915	hoan_tat
15235	916	hoan_thanh
15236	917	hoan_thien
15241	918	hoan_toan
15242	919	hoang
15243	920	hoang_da
15244	921	hoang_hon
15245	922	hoang_loan
15246	923	hoang_mang
15251	924	hoang_tu
15252	925	hoang_tuong
15253	926	hoat_dong
15254	927	hoc
15255	928	hoc_duong
15256	929	hoc_hanh
15261	930	hoc_hoi
15262	931	hoc_tap
15263	932	hoc_thuoc
15264	933	hoc_tro
15265	934	hoi
15266	935	hoi_han
15311	936	hoi_nghi
15312	937	hoi_nuoc
15313	938	hoi_tham
15314	939	hoi_tiec
15315	940	hoi_truong
15316	941	hoi_vien
15321	942	hon
15322	943	hon_nhan
15323	944	hong
15324	945	hop
15325	946	hop_bao
15326	947	hop_dong
15331	948	hop_phap
15332	949	hop_thu
15333	950	hop_xuong
15334	951	hu
15335	952	hu_hong
15336	953	huan_luyen
15341	954	hung
15342	955	hung_thu
15343	956	huong
15344	957	huong_dan
15345	958	huong_thom
15346	959	huong_thu
15351	960	huong_ung
15352	961	hut
15353	962	hut_thuoc
15354	963	huu
15355	964	huu_co
15356	965	huu_ich
15361	966	huy
15362	967	huy_bo
15363	968	huy_chuong
15364	969	huy_diet
15365	970	huy_hoai
15366	971	huyet_ap
15411	972	hy_sinh
15412	973	hy_vong
15413	974	ich
15414	975	ich_ky
15415	976	im
15416	977	im_lang
15421	978	in
15422	979	ke
15423	980	ke_hoach
15424	981	ke_thu
15425	982	ke_tiep
15426	983	kem
15431	984	kenh
15432	985	keo
15433	986	keo_dai
15434	987	ket
15435	988	ket_an
15436	989	ket_ban
15441	990	ket_hon
15442	991	ket_luan
15443	992	ket_noi
15444	993	ket_thuc
15445	994	keu_goi
15446	995	kha
15451	996	kha_nang
15452	997	kha_thi
15453	998	khac
15454	999	khac_biet
15455	1000	khac_nhau
15456	1001	khac_phuc
15461	1002	khac_thuong
15462	1003	khach_hang
15463	1004	khach_san
15464	1005	khai
15465	1006	khai_mac
15466	1007	khai_niem
15511	1008	kham_pha
15512	1009	khan
15513	1010	khan_cap
15514	1011	khan_gia
15515	1012	khan_truong
15516	1013	khang_dinh
15521	1014	khao
15522	1015	khat
15523	1016	khau_hieu
15524	1017	khau_trang
15525	1018	khen
15526	1019	khen_ngoi
15531	1020	kheo
15532	1021	khi
15533	1022	khi_hau
15534	1023	khia
15535	1024	khia_canh
15536	1025	khich
15541	1026	khiem_ton
15542	1027	khien
15543	1028	khiep
15544	1029	khieu
15545	1030	khieu_vu
15546	1031	khinh
15551	1032	khinh_thuong
15552	1033	kho
15553	1034	kho_bau
15554	1035	kho_chiu
15555	1036	kho_khan
15556	1037	khoa
15561	1038	khoa_hoc
15562	1039	khoac
15563	1040	khoai
15564	1041	khoai_tay
15565	1042	khoan
15566	1043	khoang
15611	1044	khoanh
15612	1045	khoanh_khac
15613	1046	khoc
15614	1047	khoe
15615	1048	khoe_manh
15616	1049	khoi
15621	1050	khoi_dong
15622	1051	khoi_hanh
15623	1052	khoi_to
15624	1053	khong_dam
15625	1054	khong_gian
15626	1055	khong_khi
15631	1056	khong_lo
15632	1057	khong_ngung
15633	1058	khop
15634	1059	khu
15635	1060	khu_vuc
15636	1061	khung
15641	1062	khung_bo
15642	1063	khung_hoang
15643	1064	khung_khiep
15644	1065	khung_long
15645	1066	khuon
15646	1067	khuon_mat
15651	1068	khuya
15652	1069	khuyen
15653	1070	khuyen_khich
15654	1071	khuyet
15655	1072	khuyet_diem
15656	1073	khuynh_huong
15661	1074	ki
15662	1075	ki_nang
15663	1076	ki_niem
15664	1077	kia
15665	1078	kich
15666	1079	kich_thuoc
16111	1080	kiem
16112	1081	kiem_che
16113	1082	kiem_soat
16114	1083	kiem_tra
16115	1084	kien
16116	1085	kien_nhan
16121	1086	kien_quyet
16122	1087	kien_thuc
16123	1088	kien_truc
16124	1089	kiep
16125	1090	kiet_suc
16126	1091	kiet_tac
16131	1092	kieu
16132	1093	kieu_cang
16133	1094	kieu_ngao
16134	1095	kim
16135	1096	kim_cuong
16136	1097	kinh_doanh
16141	1098	kinh_ngac
16142	1099	kinh_nghiem
16143	1100	kinh_te
16144	1101	kinh_trong
16145	1102	ky
16146	1103	ky_la
16151	1104	ky_lan
16152	1105	ky_nang
16153	1106	ky_niem
16154	1107	ky_su
16155	1108	ky_thuat
16156	1109	ky_uc
16161	1110	ky_vong
16162	1111	la
16163	1112	la_thuong
16164	1113	lac
16165	1114	lac_dau
16166	1115	lac_quan
16211	1116	lach
16212	1117	lai_xe
16213	1118	lam
16214	1119	lam_cho
16215	1120	lam_chu
16216	1121	lam_dung
16221	1122	lam_on
16222	1123	lam_phien
16223	1124	lam_quen
16224	1125	lam_tinh
16225	1126	lam_tro
16226	1127	lam_viec
16231	1128	lam_vuon
16232	1129	lan
16233	1130	lan_nhau
16234	1131	lan_truyen
16235	1132	lang
16236	1133	lang_gieng
16241	1134	lang_nghe
16242	1135	lang_phi
16243	1136	lang_thang
16244	1137	lanh
16245	1138	lanh_dao
16246	1139	lanh_manh
16251	1140	lanh_tho
16252	1141	lao
16253	1142	lao_dong
16254	1143	lap
16255	1144	lap_bap
16256	1145	lap_dat
16261	1146	lap_lai
16262	1147	lap_lanh
16263	1148	lap_rap
16264	1149	lap_trinh
16265	1150	lat
16266	1151	lau
16311	1152	lau_dai
16312	1153	lay
16313	1154	lay_lai
16314	1155	le
16315	1156	le_hoi
16316	1157	le_phai
16321	1158	lech
16322	1159	len
16323	1160	len_mat
16324	1161	lenh
16325	1162	leo
16326	1163	leu
16331	1164	li_do
16332	1165	lich
16333	1166	lich_su
16334	1167	lich_trinh
16335	1168	lien
16336	1169	lien_he
16341	1170	lien_ket
16342	1171	lien_lac
16343	1172	lien_quan
16344	1173	lien_tuc
16345	1174	lien_tuong
16346	1175	liet
16351	1176	lieu
16352	1177	linh
16353	1178	lo
16354	1179	lo_la
16355	1180	lo_lang
16356	1181	lo_nghi
16361	1182	lo_so
16362	1183	loa
16363	1184	loai
16364	1185	loai_nguoi
16365	1186	loan
16366	1187	loat
16411	1188	loc
16412	1189	loi
16413	1190	loi_dung
16414	1191	loi_hua
16415	1192	loi_ich
16416	1193	loi_khuyen
16421	1194	loi_nhuan
16422	1195	loi_noi
16423	1196	loi_thoi
16424	1197	lon
16425	1198	lon_tuoi
16426	1199	long
16431	1200	lot
16432	1201	lua
16433	1202	lua_chon
16434	1203	lua_dao
16435	1204	lua_mi
16436	1205	luat
16441	1206	luc
16442	1207	luc_luong
16443	1208	lui
16444	1209	lun
16445	1210	lung
16446	1211	luoc
16451	1212	luoi
16452	1213	luon
16453	1214	luong
16454	1215	luong_tam
16455	1216	luong_thien
16456	1217	luot
16461	1218	luot_song
16462	1219	lut
16463	1220	luu
16464	1221	luu_y
16465	1222	luyen
16466	1223	luyen_tap
16511	1224	ly_di
16512	1225	ly_do
16513	1226	ly_giai
16514	1227	ly_hon
16515	1228	ly_thu
16516	1229	ly_thuyet
16521	1230	ly_tri
16522	1231	ly_tuong
16523	1232	ma
16524	1233	ma_nguon
16525	1234	ma_tuy
16526	1235	mac
16531	1236	mach
16532	1237	mai
16533	1238	man
16534	1239	man_hinh
16535	1240	mang
16536	1241	mang_lai
16541	1242	manh
16542	1243	manh_me
16543	1244	mao
16544	1245	mao_hiem
16545	1246	mao_mach
16546	1247	map
16551	1248	mat
16552	1249	mat_ca
16553	1250	mat_cap
16554	1251	mat_dat
16555	1252	mat_hang
16556	1253	mat_mat
16561	1254	mat_na
16562	1255	mat_ngu
16563	1256	mat_nuoc
16564	1257	mat_ong
16565	1258	mau
16566	1259	mau_sac
16611	1260	mau_thuan
16612	1261	may
16613	1262	may_anh
16614	1263	may_chu
16615	1264	may_in
16616	1265	may_man
16621	1266	may_moc
16622	1267	may_suoi
16623	1268	may_tinh
16624	1269	me
16625	1270	mem
16626	1271	met
16631	1272	met_moi
16632	1273	mien
16633	1274	mien_cuong
16634	1275	mien_phi
16635	1276	mieng
16636	1277	mieu_ta
16641	1278	minh
16642	1279	mo
16643	1280	mo_hinh
16644	1281	mo_ho
16645	1282	mo_hoi
16646	1283	mo_mong
16651	1284	mo_rong
16652	1285	mo_ta
16653	1286	mo_uoc
16654	1287	moc
16655	1288	moc_tui
16656	1289	moi
16661	1290	moi_la
16662	1291	moi_me
16663	1292	moi_truong
16664	1293	mom
16665	1294	mon
16666	1295	mon_an
21111	1296	mon_hoc
21112	1297	mong
21113	1298	mong_cho
21114	1299	mong_doi
21115	1300	mong_muon
21116	1301	mot
21121	1302	mot_chut
21122	1303	mot_so
21123	1304	mot_vai
21124	1305	mu
21125	1306	mu_chu
21126	1307	mu_mau
21131	1308	mua
21132	1309	mua_dong
21133	1310	mua_he
21134	1311	mua_rao
21135	1312	mua_sam
21136	1313	mua_thu
21141	1314	mua_xuan
21142	1315	muc
21143	1316	muc_dich
21144	1317	muc_tieu
21145	1318	mui_ten
21146	1319	mung
21151	1320	muoi
21152	1321	muon
21153	1322	muu
21154	1323	nam
21155	1324	nam_cham
21156	1325	nam_gioi
21161	1326	nam_hoc
21162	1327	nam_nhuan
21163	1328	nam_xuong
21164	1329	nan
21165	1330	nang
21166	1331	nang_cao
21211	1332	nang_dong
21212	1333	nang_luc
21213	1334	nang_luong
21214	1335	nang_suat
21215	1336	nao
21216	1337	nap
21221	1338	nau
21222	1339	nau_an
21223	1340	nau_nuong
21224	1341	ne
21225	1342	ne_tranh
21226	1343	nem
21231	1344	nen
21232	1345	nen_tang
21233	1346	nep
21234	1347	net
21235	1348	nga_tu
21236	1349	ngac_nhien
21241	1350	ngai
21242	1351	ngam
21243	1352	ngam_nga
21244	1353	ngan
21245	1354	ngan_can
21246	1355	ngan_gon
21251	1356	ngan_hang
21252	1357	ngan_keo
21253	1358	ngan_nga
21254	1359	ngan_ngai
21255	1360	ngan_sach
21256	1361	ngang
21261	1362	nganh
21262	1363	ngao
21263	1364	ngap
21264	1365	ngat
21265	1366	ngau
21266	1367	ngay
21311	1368	ngay_le
21312	1369	ngay_sinh
21313	1370	ngay_tho
21314	1371	nghe
21315	1372	nghe_loi
21316	1373	nghe_noi
21321	1374	nghe_si
21322	1375	nghe_thuat
21323	1376	ngheo
21324	1377	nghi
21325	1378	nghi_ngo
21326	1379	nghi_ngoi
21331	1380	nghi_pham
21332	1381	nghi_viec
21333	1382	nghiem
21334	1383	nghiem_khac
21335	1384	nghiem_trong
21336	1385	nghiem_tuc
21341	1386	nghien
21342	1387	nghien_cuu
21343	1388	nghieng
21344	1389	nghiep
21345	1390	nghiep_vu
21346	1391	ngo
21351	1392	ngoai
21352	1393	ngoai_giao
21353	1394	ngoai_le
21354	1395	ngoai_ngu
21355	1396	ngoai_tinh
21356	1397	ngoan
21361	1398	ngoc_trai
21362	1399	ngoi
21363	1400	ngon
21364	1401	ngon_chan
21365	1402	ngon_ngu
21366	1403	ngon_tay
21411	1404	ngot
21412	1405	ngu
21413	1406	ngu_canh
21414	1407	ngu_coc
21415	1408	ngu_ngoc
21416	1409	ngu_phap
21421	1410	ngua
21422	1411	nguc
21423	1412	ngung
21424	1413	nguoc
21425	1414	nguoi
21426	1415	nguoi_la
21431	1416	nguoi_lon
21432	1417	nguoi_may
21433	1418	nguoi_quen
21434	1419	nguoi_ta
21435	1420	nguoi_yeu
21436	1421	nguon
21441	1422	nguon_goc
21442	1423	nguong
21443	1424	nguong_mo
21444	1425	nguy
21445	1426	nguy_co
21446	1427	nguyen_am
21451	1428	nguyen_lieu
21452	1429	nguyen_nhan
21453	1430	nguyen_to
21454	1431	nguyen_tu
21455	1432	nha
21456	1433	nha_bao
21461	1434	nha_bep
21462	1435	nha_cua
21463	1436	nha_ga
21464	1437	nha_hang
21465	1438	nha_hat
21466	1439	nha_kinh
21511	1440	nha_may
21512	1441	nha_nuoc
21513	1442	nha_si
21514	1443	nha_tho
21515	1444	nha_truong
21516	1445	nha_van
21521	1446	nhac
21522	1447	nhac_lai
21523	1448	nhai
21524	1449	nham
21525	1450	nham_chan
21526	1451	nham_mat
21531	1452	nhan
21532	1453	nhan_cach
21533	1454	nhan_dan
21534	1455	nhan_loai
21535	1456	nhan_manh
21536	1457	nhan_ra
21541	1458	nhan_tai
21542	1459	nhan_tao
21543	1460	nhan_thay
21544	1461	nhan_thuc
21545	1462	nhan_vat
21546	1463	nhan_vien
21551	1464	nhanh
21552	1465	nhanh_chong
21553	1466	nhao
21554	1467	nhap_khau
21555	1468	nhap_thanh
21556	1469	nhat
21561	1470	nhat_dinh
21562	1471	nhat_ky
21563	1472	nhat_tri
21564	1473	nhau
21565	1474	nhay
21566	1475	nhay_cam
21611	1476	nhay_day
21612	1477	nhay_mua
21613	1478	nhe_nhang
21614	1479	nhen
21615	1480	nhi
21616	1481	nhiem
21621	1482	nhiem_vu
21622	1483	nhiep_anh
21623	1484	nhiet
21624	1485	nhiet_do
21625	1486	nhiet_ke
21626	1487	nhiet_tinh
21631	1488	nhin
21632	1489	nhin_thay
21633	1490	nhip
21634	1491	nhip_dieu
21635	1492	nho
21636	1493	nho_nhat
21641	1494	nhoc
21642	1495	nhoi
21643	1496	nhom
21644	1497	nhot
21645	1498	nhu
21646	1499	nhu_cau
21651	1500	nhua
21652	1501	nhuc
21653	1502	nhuom
21654	1503	nhuong
21655	1504	niem
21656	1505	ninh
21661	1506	no
21662	1507	no_le
21663	1508	noi
21664	1509	noi_bat
21665	1510	noi_chuyen
21666	1511	noi_day
22111	1512	noi_doi
22112	1513	noi_dung
22113	1514	noi_gian
22114	1515	noi_nang
22115	1516	noi_quy
22116	1517	noi_tam
22121	1518	noi_thang
22122	1519	noi_that
22123	1520	noi_tieng
22124	1521	noi_tro
22125	1522	noi_xau
22126	1523	non
22131	1524	nong
22132	1525	nong_dan
22133	1526	nong_thon
22134	1527	nong_trai
22135	1528	nop
22136	1529	nu
22141	1530	nu_cuoi
22142	1531	nu_hoang
22143	1532	nua
22144	1533	nua_dem
22145	1534	nui
22146	1535	nuoc_bien
22151	1536	nuoc_mat
22152	1537	nuoc_ngoai
22153	1538	nuoc_ngot
22154	1539	nuoi
22155	1540	nuoi_duong
22156	1541	nut
22161	1542	o_chuot
22162	1543	o_khong
22163	1544	o_lai
22164	1545	o_nhiem
22165	1546	o_to
22166	1547	oan
22211	1548	oc
22212	1549	oi
22213	1550	om
22214	1551	on
22215	1552	on_dinh
22216	1553	on_tap
22221	1554	ong
22222	1555	ong_chu
22223	1556	ong_cu
22224	1557	pha
22225	1558	pha_huy
22226	1559	pha_san
22231	1560	phac
22232	1561	phai
22233	1562	pham
22234	1563	pham_chat
22235	1564	pham_phap
22236	1565	phan
22241	1566	phan_biet
22242	1567	phan_boi
22243	1568	phan_chieu
22244	1569	phan_doi
22245	1570	phan_khich
22246	1571	phan_mem
22251	1572	phan_nan
22252	1573	phan_phoi
22253	1574	phan_thuong
22254	1575	phan_ung
22255	1576	phan_xet
22256	1577	phang
22261	1578	phanh
22262	1579	phao
22263	1580	phao_hoa
22264	1581	phap_luat
22265	1582	phat
22266	1583	phat_am
22311	1584	phat_bieu
22312	1585	phat_dien
22313	1586	phat_hanh
22314	1587	phat_hien
22315	1588	phat_huy
22316	1589	phat_minh
22321	1590	phat_song
22322	1591	phat_thanh
22323	1592	phat_trien
22324	1593	phau_thuat
22325	1594	phe_binh
22326	1595	phi
22331	1596	phi_cong
22332	1597	phia
22333	1598	phien
22334	1599	phien_ban
22335	1600	phien_dich
22336	1601	phien_phuc
22341	1602	phieu
22342	1603	phim
22343	1604	pho
22344	1605	pho_bien
22345	1606	pho_mai
22346	1607	pho_mat
22351	1608	pho_thong
22352	1609	phoi
22353	1610	phoi_bay
22354	1611	phong
22355	1612	phong_an
22356	1613	phong_cach
22361	1614	phong_canh
22362	1615	phong_chong
22363	1616	phong_ngu
22364	1617	phong_tam
22365	1618	phong_toa
22366	1619	phong_tuc
22411	1620	phong_van
22412	1621	phong_ve
22413	1622	phong_vien
22414	1623	phu
22415	1624	phu_am
22416	1625	phu_hop
22421	1626	phu_nhan
22422	1627	phu_nu
22423	1628	phu_thuoc
22424	1629	phu_trach
22425	1630	phuc
22426	1631	phuc_loi
22431	1632	phuc_tap
22432	1633	phuc_vu
22433	1634	phun
22434	1635	phuong_an
22435	1636	phuong_phap
22436	1637	phuong_tien
22441	1638	phut
22442	1639	pin
22443	1640	qua
22444	1641	qua_dang
22445	1642	qua_doi
22446	1643	qua_khu
22451	1644	qua_trinh
22452	1645	quai_vat
22453	1646	quan
22454	1647	quan_ao
22455	1648	quan_diem
22456	1649	quan_doi
22461	1650	quan_ly
22462	1651	quan_sat
22463	1652	quan_tam
22464	1653	quan_trong
22465	1654	quan_vot
22466	1655	quang
22511	1656	quang_canh
22512	1657	quang_cao
22513	1658	quanh
22514	1659	quay
22515	1660	quay_lai
22516	1661	que
22521	1662	quen
22522	1663	quen_biet
22523	1664	quen_thuoc
22524	1665	quet
22525	1666	quoc_hoi
22526	1667	quoc_te
22531	1668	quoc_tich
22532	1669	quy
22533	1670	quy_dao
22534	1671	quy_dinh
22535	1672	quy_gia
22536	1673	quy_luat
22541	1674	quy_phai
22542	1675	quy_tac
22543	1676	quyen
22544	1677	quyen_gop
22545	1678	quyen_loi
22546	1679	quyen_ru
22551	1680	quyet_dinh
22552	1681	quyet_doan
22553	1682	quyet_liet
22554	1683	quyet_tam
22555	1684	ra
22556	1685	ra_di
22561	1686	ra_hieu
22562	1687	ra_roi
22563	1688	ra_ve
22564	1689	rac
22565	1690	rac_roi
22566	1691	rach
22611	1692	ran
22612	1693	rang
22613	1694	ranh
22614	1695	ranh_roi
22615	1696	rao
22616	1697	rap
22621	1698	rau
22622	1699	re_tien
22623	1700	ren
22624	1701	ren_luyen
22625	1702	ren_ri
22626	1703	ri
22631	1704	rieng
22632	1705	rieng_tu
22633	1706	ro
22634	1707	ro_rang
22635	1708	ro_ret
22636	1709	robot
22641	1710	roi
22642	1711	ron
22643	1712	rong
22644	1713	rong_lon
22645	1714	rot
22646	1715	rua
22651	1716	rua_tien
22652	1717	rui
22653	1718	rui_ro
22654	1719	run
22655	1720	rung
22656	1721	ruoi
22661	1722	ruong
22662	1723	ruot
22663	1724	ruou
22664	1725	ruou_nho
22665	1726	ruou_vang
22666	1727	rut_lui
23111	1728	sa
23112	1729	sa_mac
23113	1730	sa_thai
23114	1731	sac_dep
23115	1732	sach
23116	1733	sach_bao
23121	1734	sach_se
23122	1735	sach_vo
23123	1736	sai
23124	1737	sai_lam
23125	1738	sai_sot
23126	1739	sam
23131	1740	san
23132	1741	san_bay
23133	1742	san_choi
23134	1743	san_long
23135	1744	san_nha
23136	1745	san_pham
23141	1746	san_sang
23142	1747	san_xuat
23143	1748	sang
23144	1749	sang_kien
23145	1750	sang_som
23146	1751	sang_tao
23151	1752	sanh
23152	1753	sao
23153	1754	sao_bang
23154	1755	sap
23155	1756	sap_xep
23156	1757	sat
23161	1758	sat_hai
23162	1759	sau
23163	1760	sau_sac
23164	1761	say_ruou
23165	1762	se
23166	1763	sep
23211	1764	set
23212	1765	si_quan
23213	1766	sieu_thi
23214	1767	sinh_doi
23215	1768	sinh_hoc
23216	1769	sinh_nhat
23221	1770	sinh_ra
23222	1771	sinh_song
23223	1772	sinh_vat
23224	1773	sinh_vien
23225	1774	so
23226	1775	so_hai
23231	1776	so_hoc
23232	1777	so_huu
23233	1778	so_luong
23234	1779	so_mi
23235	1780	so_nguyen
23236	1781	so_phan
23241	1782	so_sanh
23242	1783	so_thich
23243	1784	so_thu
23244	1785	soan
23245	1786	soat
23246	1787	soc
23251	1788	soi
23252	1789	song
23253	1790	song_sot
23254	1791	sot
23255	1792	su
23256	1793	su_co
23261	1794	su_dung
23262	1795	su_kien
23263	1796	su_nghiep
23264	1797	su_that
23265	1798	su_vat
23266	1799	su_viec
23311	1800	sua_chua
23312	1801	suat
23313	1802	suc
23314	1803	suc_khoe
23315	1804	suc_manh
23316	1805	sung
23321	1806	sung_suong
23322	1807	suoi
23323	1808	suong
23324	1809	suot
23325	1810	sup
23326	1811	sup_do
23331	1812	sut
23332	1813	suu_tam
23333	1814	suu_tap
23334	1815	suy
23335	1816	suy_nghi
23336	1817	ta
23341	1818	tac
23342	1819	tac_dung
23343	1820	tac_gia
23344	1821	tac_pham
23345	1822	tac_xi
23346	1823	tach
23351	1824	tach_roi
23352	1825	tai
23353	1826	tai_chinh
23354	1827	tai_cho
23355	1828	tai_khoan
23356	1829	tai_lieu
23361	1830	tai_nan
23362	1831	tai_nang
23363	1832	tai_nghe
23364	1833	tai_nguyen
23365	1834	tai_san
23366	1835	tai_tro
23411	1836	tai_xuong
23412	1837	tam
23413	1838	tam_giac
23414	1839	tam_hon
23415	1840	tam_nhin
23416	1841	tam_thoi
23421	1842	tam_tri
23422	1843	tan
23423	1844	tan_cong
23424	1845	tan_dung
23425	1846	tan_huong
23426	1847	tan_nat
23431	1848	tan_nhan
23432	1849	tan_pha
23433	1850	tan_thanh
23434	1851	tan_tinh
23435	1852	tang
23436	1853	tang_cuong
23441	1854	tao_hoa
23442	1855	tao_thanh
23443	1856	tap
23444	1857	tap_chi
23445	1858	tap_hop
23446	1859	tap_quan
23451	1860	tap_the
23452	1861	tap_trung
23453	1862	tat
23454	1863	tau_dien
23455	1864	tau_hoa
23456	1865	tay
23461	1866	tay_ao
23462	1867	te
23463	1868	te_bao
23464	1869	ten_lua
23465	1870	tha
23466	1871	tha_thu
23511	1872	thac_mac
23512	1873	thach
23513	1874	thach_thuc
23514	1875	thai
23515	1876	thai_do
23516	1877	tham
23521	1878	tham_du
23522	1879	tham_gia
23523	1880	tham_hoa
23524	1881	tham_hut
23525	1882	tham_phan
23526	1883	tham_quan
23531	1884	tham_vong
23532	1885	than
23533	1886	than_hinh
23534	1887	than_linh
23535	1888	than_minh
23536	1889	than_phien
23541	1890	than_the
23542	1891	than_thien
23543	1892	than_thiet
23544	1893	than_thoai
23545	1894	than_trong
23546	1895	thang
23551	1896	thang_loi
23552	1897	thang_may
23553	1898	thang_than
23554	1899	thanh
23555	1900	thanh_cong
23556	1901	thanh_lap
23561	1902	thanh_nien
23562	1903	thanh_thao
23563	1904	thanh_that
23564	1905	thanh_tich
23565	1906	thanh_toan
23566	1907	thanh_tuu
23611	1908	thanh_vien
23612	1909	thao
23613	1910	thao_luan
23614	1911	thao_tac
23615	1912	thap
23616	1913	that
23621	1914	that_bai
23622	1915	that_long
23623	1916	that_lung
23624	1917	that_nghiep
23625	1918	that_tha
23626	1919	that_vong
23631	1920	thau
23632	1921	thay
23633	1922	thay_doi
23634	1923	thay_giao
23635	1924	thay_the
23636	1925	thay_thuoc
23641	1926	the
23642	1927	the_gioi
23643	1928	the_he
23644	1929	the_hien
23645	1930	the_ky
23646	1931	the_luc
23651	1932	the_thao
23652	1933	them
23653	1934	theo
23654	1935	theo_doi
23655	1936	theo_duoi
23656	1937	thi
23661	1938	thi_chinh
23662	1939	thi_gio
23663	1940	thi_nghiem
23664	1941	thi_tham
23665	1942	thi_thuc
23666	1943	thi_tran
24111	1944	thi_truong
24112	1945	thich_hop
24113	1946	thich_nghi
24114	1947	thich_thu
24115	1948	thien
24116	1949	thien_nhien
24121	1950	thien_tai
24122	1951	thien_than
24123	1952	thien_van
24124	1953	thieng
24125	1954	thiep
24126	1955	thiet
24131	1956	thiet_bi
24132	1957	thiet_hai
24133	1958	thiet_ke
24134	1959	thiet_mang
24135	1960	thieu
24136	1961	thinh_giac
24141	1962	thit
24142	1963	tho
24143	1964	tho_au
24144	1965	tho_dai
24145	1966	tho_lo
24146	1967	thoa
24151	1968	thoa_man
24152	1969	thoa_thich
24153	1970	thoa_thuan
24154	1971	thoai
24155	1972	thoai_mai
24156	1973	thoang
24161	1974	thoat
24162	1975	thoi
24163	1976	thoi_dai
24164	1977	thoi_diem
24165	1978	thoi_gian
24166	1979	thoi_ky
24211	1980	thoi_quen
24212	1981	thoi_tiet
24213	1982	thoi_trang
24214	1983	thon
24215	1984	thong
24216	1985	thong_bao
24221	1986	thong_dich
24222	1987	thong_diep
24223	1988	thong_ke
24224	1989	thong_minh
24225	1990	thong_qua
24226	1991	thong_thao
24231	1992	thong_thuong
24232	1993	thong_tin
24233	1994	thu
24234	1995	thu_cong
24235	1996	thu_do
24236	1997	thu_hoach
24241	1998	thu_hut
24242	1999	thu_ky
24243	2000	thu_nhan
24244	2001	thu_nhap
24245	2002	thu_phap
24246	2003	thu_thach
24251	2004	thu_thap
24252	2005	thu_truong
24253	2006	thu_tu
24254	2007	thu_tuc
24255	2008	thu_tuong
24256	2009	thu_vi
24261	2010	thu_vien
24262	2011	thu_vui
24263	2012	thu_xep
24264	2013	thua
24265	2014	thua_ke
24266	2015	thua_nhan
24311	2016	thuan
24312	2017	thuan_loi
24313	2018	thuc
24314	2019	thuc_an
24315	2020	thuc_day
24316	2021	thuc_giac
24321	2022	thuc_hien
24322	2023	thuc_pham
24323	2024	thuc_tai
24324	2025	thuc_te
24325	2026	thuc_thi
24326	2027	thuc_tien
24331	2028	thuc_uong
24332	2029	thuc_vat
24333	2030	thue
24334	2031	thung
24335	2032	thung_lung
24336	2033	thuoc
24341	2034	thuoc_dia
24342	2035	thuoc_la
24343	2036	thuong
24344	2037	thuong_hai
24345	2038	thuong_mai
24346	2039	thuong_thuc
24351	2040	thuong_tiec
24352	2041	thuong_xuyen
24353	2042	thuyen_truong
24354	2043	thuyet
24355	2044	thuyet_phuc
24356	2045	thuyet_trinh
24361	2046	ti_nan
24362	2047	tia
24363	2048	tich
24364	2049	tich_cuc
24365	2050	tiec
24366	2051	tiem
24411	2052	tien
24412	2053	tien_bac
24413	2054	tien_bo
24414	2055	tien_cua
24415	2056	tien_doan
24416	2057	tien_hanh
24421	2058	tien_le
24422	2059	tien_luong
24423	2060	tien_mat
24424	2061	tien_tri
24425	2062	tien_trien
24426	2063	tieng
24431	2064	tieng_dong
24432	2065	tieng_noi
24433	2066	tieng_on
24434	2067	tiep
24435	2068	tiep_theo
24436	2069	tiep_tuc
24441	2070	tiep_xuc
24442	2071	tiet_kiem
24443	2072	tiet_lo
24444	2073	tieu
24445	2074	tieu_chuan
24446	2075	tieu_thu
24451	2076	tieu_thuyet
24452	2077	tim
24453	2078	tim_hieu
24454	2079	tim_kiem
24455	2080	tim_thay
24456	2081	tin
24461	2082	tin_cay
24462	2083	tin_don
24463	2084	tin_dung
24464	2085	tin_hieu
24465	2086	tin_nhan
24466	2087	tin_tuc
24511	2088	tin_tuong
24512	2089	tinh
24513	2090	tinh_ban
24514	2091	tinh_cach
24515	2092	tinh_cam
24516	2093	tinh_co
24521	2094	tinh_day
24522	2095	tinh_duc
24523	2096	tinh_hinh
24524	2097	tinh_huong
24525	2098	tinh_mach
24526	2099	tinh_nguyen
24531	2100	tinh_tao
24532	2101	tinh_te
24533	2102	tinh_than
24534	2103	tinh_the
24535	2104	tinh_toan
24536	2105	tinh_trang
24541	2106	tinh_yeu
24542	2107	to
24543	2108	to_chuc
24544	2109	to_lon
24545	2110	to_mo
24546	2111	to_ra
24551	2112	toa
24552	2113	toa_an
24553	2114	toa_sang
24554	2115	toan
24555	2116	toan_bo
24556	2117	toan_cau
24561	2118	toan_hoc
24562	2119	toan_quoc
24563	2120	toc
24564	2121	toc_do
24565	2122	toi
24566	2123	toi_da
24611	2124	toi_pham
24612	2125	toi_te
24613	2126	toi_thieu
24614	2127	tom
24615	2128	ton
24616	2129	ton_kem
24621	2130	ton_tai
24622	2131	ton_tho
24623	2132	ton_thuong
24624	2133	ton_trong
24625	2134	tong_cong
24626	2135	tong_hop
24631	2136	tot_bung
24632	2137	tot_dep
24633	2138	tot_nghiep
24634	2139	tra
24635	2140	tra_gia
24636	2141	tra_lai
24641	2142	tra_loi
24642	2143	tra_thu
24643	2144	trac
24644	2145	trach
24645	2146	trach_nhiem
24646	2147	trai
24651	2148	trai_cay
24652	2149	trai_nghiem
24653	2150	trai_nguoc
24654	2151	trai_qua
24655	2152	tram
24656	2153	tram_nam
24661	2154	tram_trong
24662	2155	tran
24663	2156	tran_an
24664	2157	tran_ngap
24665	2158	tran_trong
24666	2159	trang
25111	2160	trang_diem
25112	2161	trang_mieng
25113	2162	trang_suc
25114	2163	trang_thai
25115	2164	trang_trai
25116	2165	trang_tri
25121	2166	trang_tron
25122	2167	trang_web
25123	2168	tranh
25124	2169	tranh_cai
25125	2170	tranh_luan
25126	2171	trao
25131	2172	trao_doi
25132	2173	trat_tu
25133	2174	tre
25134	2175	tre_con
25135	2176	tre_em
25136	2177	tre_trung
25141	2178	tren
25142	2179	treo
25143	2180	treu
25144	2181	tri_hoan
25145	2182	tri_nho
25146	2183	tri_tue
25151	2184	trich_dan
25152	2185	trien_lam
25153	2186	triet_hoc
25154	2187	trieu_chung
25155	2188	trinh
25156	2189	trinh_bay
25161	2190	trinh_cam
25162	2191	trinh_tham
25163	2192	tro
25164	2193	tro_choi
25165	2194	tro_chuyen
25166	2195	tro_giup
25211	2196	tro_lai
25212	2197	tro_ly
25213	2198	tro_nen
25214	2199	tro_ngai
25215	2200	tro_thanh
25216	2201	tro_ve
25221	2202	troi
25222	2203	troi_chay
25223	2204	troi_dat
25224	2205	tron
25225	2206	trong
25226	2207	trong_cay
25231	2208	trong_dai
25232	2209	trong_suot
25233	2210	trong_thay
25234	2211	tru
25235	2212	trua
25236	2213	truc
25241	2214	truc_giac
25242	2215	truc_tiep
25243	2216	truc_trac
25244	2217	trum
25245	2218	trung
25246	2219	trung_bay
25251	2220	trung_hoc
25252	2221	trung_phat
25253	2222	trung_tam
25254	2223	trung_uong
25255	2224	truoc_mat
25256	2225	truong
25261	2226	truong_hop
25262	2227	truong_thanh
25263	2228	truot
25264	2229	truot_bang
25265	2230	truot_tuyet
25266	2231	trut
25311	2232	truy
25312	2233	truy_cap
25313	2234	truyen
25314	2235	truyen_dat
25315	2236	truyen_thong
25316	2237	truyen_tranh
25321	2238	tu
25322	2239	tu_bo
25323	2240	tu_cach
25324	2241	tu_choi
25325	2242	tu_chuc
25326	2243	tu_dien
25331	2244	tu_do
25332	2245	tu_dong
25333	2246	tu_duy
25334	2247	tu_hao
25335	2248	tu_hinh
25336	2249	tu_lanh
25341	2250	tu_ngu
25342	2251	tu_sat
25343	2252	tu_te
25344	2253	tu_thien
25345	2254	tu_tin
25346	2255	tu_tu
25351	2256	tu_tuong
25352	2257	tu_ve
25353	2258	tu_vong
25354	2259	tuan
25355	2260	tuan_hoan
25356	2261	tuc
25361	2262	tuc_gian
25362	2263	tuc_la
25363	2264	tui
25364	2265	tui_xach
25365	2266	tung
25366	2267	tung_trai
25411	2268	tuoi
25412	2269	tuoi_tac
25413	2270	tuoi_tho
25414	2271	tuong
25415	2272	tuong_doi
25416	2273	tuong_duong
25421	2274	tuong_lai
25422	2275	tuong_thich
25423	2276	tuong_tu
25424	2277	tuong_tuong
25425	2278	tuong_ung
25426	2279	tuyen
25431	2280	tuyen_bo
25432	2281	tuyet
25433	2282	tuyet_chung
25434	2283	tuyet_doi
25435	2284	tuyet_voi
25436	2285	tuyet_vong
25441	2286	ty_le
25442	2287	ua
25443	2288	ua_thich
25444	2289	ui
25445	2290	ung
25446	2291	ung_cu
25451	2292	ung_dung
25452	2293	ung_ho
25453	2294	ung_thu
25454	2295	ung_xu
25455	2296	uoc_mo
25456	2297	uoc_tinh
25461	2298	uong
25462	2299	uot
25463	2300	uu_dai
25464	2301	uy
25465	2302	va
25466	2303	va_li
25511	2304	vac
25512	2305	vai
25513	2306	vai_tro
25514	2307	van
25515	2308	van_ban
25516	2309	van_chuyen
25521	2310	van_de
25522	2311	van_dong
25523	2312	van_hanh
25524	2313	van_phong
25525	2314	vang
25526	2315	vang_mat
25531	2316	vao
25532	2317	vat
25533	2318	vat_chat
25534	2319	vat_ly
25535	2320	vat_the
25536	2321	vat_va
25541	2322	vay
25542	2323	ve
25543	2324	ve_sinh
25544	2325	ve_so
25545	2326	ve_tinh
25546	2327	ven_bien
25551	2328	vet
25552	2329	vet_thuong
25553	2330	vi_dai
25554	2331	vi_du
25555	2332	vi_pham
25556	2333	vi_tri
25561	2334	viec
25562	2335	viec_gi
25563	2336	viec_lam
25564	2337	viem
25565	2338	viet
25566	2339	viet_lach
25611	2340	viet_tat
25612	2341	vinh
25613	2342	vinh_du
25614	2343	vit
25615	2344	vo
25616	2345	vo_chong
25621	2346	vo_cung
25622	2347	vo_dung
25623	2348	vo_gia
25624	2349	vo_han
25625	2350	vo_ich
25626	2351	vo_nghia
25631	2352	vo_phuong
25632	2353	vo_so
25633	2354	vo_tan
25634	2355	vo_tay
25635	2356	vo_than
25636	2357	vo_tinh
25641	2358	vo_toi
25642	2359	voi
25643	2360	voi_vang
25644	2361	von
25645	2362	vot
25646	2363	vu
25651	2364	vu_khi
25652	2365	vu_tru
25653	2366	vu_viec
25654	2367	vua
25655	2368	vua_long
25656	2369	vuc
25661	2370	vui_choi
25662	2371	vui_long
25663	2372	vui_mung
25664	2373	vui_suong
25665	2374	vui_ve
25666	2375	vung
26111	2376	vuon
26112	2377	vuong
26113	2378	vuong_quoc
26114	2379	vuot
26115	2380	vuot_qua
26116	2381	vut
26121	2382	xa
26122	2383	xa_la
26123	2384	xa_phong
26124	2385	xa_xoi
26125	2386	xac
26126	2387	xac_dinh
26131	2388	xac_nhan
26132	2389	xach
26133	2390	xai
26134	2391	xam
26135	2392	xam_pham
26136	2393	xan
26141	2394	xanh_duong
26142	2395	xau
26143	2396	xau_ho
26144	2397	xau_xi
26145	2398	xay
26146	2399	xay_dung
26151	2400	xe
26152	2401	xe_buyt
26153	2402	xe_dap
26154	2403	xe_dien
26155	2404	xe_hoi
26156	2405	xe_lua
26161	2406	xe_may
26162	2407	xe_tai
26163	2408	xem
26164	2409	xem_thuong
26165	2410	xem_xet
26166	2411	xep
26211	2412	xep_hang
26212	2413	xi
26213	2414	xi_ga
26214	2415	xich
26215	2416	xin
26216	2417	xin_loi
26221	2418	xinh
26222	2419	xinh_dep
26223	2420	xinh_xan
26224	2421	xo
26225	2422	xoa
26226	2423	xoay
26231	2424	xoi
26232	2425	xom
26233	2426	xong
26234	2427	xot
26235	2428	xu
26236	2429	xu_huong
26241	2430	xu_ly
26242	2431	xua
26243	2432	xuat_ban
26244	2433	xuat_chung
26245	2434	xuat_hien
26246	2435	xuat_phat
26251	2436	xuat_sac
26252	2437	xuat_than
26253	2438	xuat_tinh
26254	2439	xuc
26255	2440	xuc_pham
26256	2441	xung
26261	2442	xung_dang
26262	2443	xung_dot
26263	2444	xung_quanh
26264	2445	xuong
26265	2446	y_chi
26266	2447	y_dinh
26311	2448	y_do
26312	2449	y_het
26313	2450	y_kien
26314	2451	y_nghi
26315	2452	y_nghia
26316	2453	y_te
26321	2454	y_tu
26322	2455	y_tuong
26323	2456	yen_lang
26324	2457	yeu
26325	2458	yeu_cau
26326	2459	yeu_duoi
26331	2460	yeu_quy
26332	2461	yeu_thich
26333	2462	yeu_thuong
26334	2463	yeu_to
26335	0	ac_mong
26336	1	ac_quy
26341	2	album
26342	3	am
26343	4	am_anh
26344	5	am_ap
26345	6	am_chi
26346	7	am_muu
26351	8	am_nhac
26352	9	am_thanh
26353	10	am_thuc
26354	11	an_cap
26355	12	an_chay
26356	13	an_com
26361	14	an_dien
26362	15	an_giau
26363	16	an_mac
26364	17	an_mung
26365	18	an_ninh
26366	19	an_noi
26411	20	an_o
26412	21	an_toan
26413	22	an_trom
26414	23	an_tuong
26415	24	an_ui
26416	25	an_uong
26421	26	anh
26422	27	anh_em
26423	28	anh_hung
26424	29	anh_huong
26425	30	anh_sang
26426	31	ao
26431	32	ao_khoac
26432	33	ap_dung
26433	34	ap_suat
26434	35	au
26435	36	ba
26436	37	ba_noi
26441	38	bac
26442	39	bac_bo
26443	40	bac_si
26444	41	bac_sy
26445	42	bai
26446	43	bai_bien
26451	44	bai_bo
26452	45	bai_co
26453	46	bai_giang
26454	47	bai_hat
26455	48	bai_hoc
26456	49	bai_tap
26461	50	bai_tho
26462	51	bai_viet
26463	52	bam
26464	53	ban
26465	54	ban_bac
26466	55	ban_be
26511	56	ban_chan
26512	57	ban_chat
26513	58	ban_chay
26514	59	ban_dau
26515	60	ban_dem
26516	61	ban_do
26521	62	ban_doc
26522	63	ban_gai
26523	64	ban_goc
26524	65	ban_luan
26525	66	ban_nang
26526	67	ban_ngay
26531	68	ban_ngu
26532	69	ban_nhac
26533	70	ban_ron
26534	71	ban_tay
26535	72	ban_than
26536	73	ban_xu
26541	74	bang
26542	75	bang_chung
26543	76	bang_den
26544	77	bang_ha
26545	78	banh
26546	79	banh_mi
26551	80	banh_ngot
26552	81	banh_quy
26553	82	banh_xe
26554	83	bao
26555	84	bao_cao
26556	85	bao_chi
26561	86	bao_gom
26562	87	bao_hiem
26563	88	bao_luc
26564	89	bao_phu
26565	90	bao_quan
26566	91	bao_quanh
26611	92	bao_thuc
26612	93	bao_ve
26613	94	bap
26614	95	bat
26615	96	bat_buoc
26616	97	bat_can
26621	98	bat_chap
26622	99	bat_coc
26623	100	bat_cong
26624	101	bat_dau
26625	102	bat_gap
26626	103	bat_giu
26631	104	bat_hanh
26632	105	bat_ky
26633	106	bat_luc
26634	107	bat_man
26635	108	bat_ngo
26636	109	bat_nguon
26641	110	bat_tay
26642	111	bat_tinh
26643	112	bat_tu
26644	113	bau_cu
26645	114	bau_troi
26646	115	bay
26651	116	bay_to
26652	117	be
26653	118	be_boi
26654	119	be_mat
26655	120	be_ngoai
26656	121	ben
26661	122	ben_canh
26662	123	ben_ngoai
26663	124	ben_vung
26664	125	ben_xe
26665	126	benh
26666	127	benh_nhan
31111	128	benh_tat
31112	129	benh_vien
31113	130	beo
31114	131	bep
31115	132	bi
31116	133	bi_an
31121	134	bi_cao
31122	135	bi_mat
31123	136	bi_quan
31124	137	bi_quyet
31125	138	bia
31126	139	bien
31131	140	bien_bao
31132	141	bien_dich
31133	142	bien_doi
31134	143	bien_ho
31135	144	bien_mat
31136	145	biet
31141	146	biet_dieu
31142	147	biet_on
31143	148	bieu_dien
31144	149	bieu_tinh
31145	150	bieu_tuong
31146	151	binh
31151	152	binh_dang
31152	153	binh_luan
31153	154	binh_thuong
31154	155	binh_tinh
31155	156	bo
31156	157	bo_cau
31161	158	bo_cuoc
31162	159	bo_do
31163	160	bo_lo
31164	161	bo_me
31165	162	bo_phan
31166	163	bo_phieu
31211	164	bo_qua
31212	165	bo_roi
31213	166	bo_truong
31214	167	boc
31215	168	boi
31216	169	boi_ban
31221	170	boi_canh
31222	171	boi_loi
31223	172	boi_roi
31224	173	bon_phan
31225	174	bong
31226	175	bong_chay
31231	176	bong_chuyen
31232	177	bong_da
31233	178	bong_ngo
31234	179	bong_ro
31235	180	bong_toi
31236	181	bop
31241	182	bot
31242	183	bu
31243	184	bua
31244	185	bua_an
31245	186	buc
31246	187	buc_boi
31251	188	bui
31252	189	bung
31253	190	buoc
31254	191	buoc_toi
31255	192	buoi
31256	193	buoi_chieu
31261	194	buoi_sang
31262	195	buoi_toi
31263	196	buoi_trua
31264	197	buon
31265	198	buon_cuoi
31266	199	buon_ngu
31311	200	buon_phien
31312	201	bup
31313	202	bup_be
31314	203	but
31315	204	but_chi
31316	205	buu_dien
31321	206	ca
31322	207	ca_chua
31323	208	ca_nhan
31324	209	ca_phe
31325	210	ca_rot
31326	211	ca_si
31331	212	ca_voi
31332	213	cach_mang
31333	214	cai
31334	215	cai_cach
31335	216	cai_co
31336	217	cai_dat
31341	218	cai_thien
31342	219	cai_tien
31343	220	cai_trang
31344	221	cai_tri
31345	222	cam
31346	223	cam_dong
31351	224	cam_giac
31352	225	cam_hung
31353	226	cam_ket
31354	227	cam_nhan
31355	228	cam_on
31356	229	cam_sung
31361	230	cam_thay
31362	231	cam_trai
31363	232	cam_xuc
31364	233	can
31365	234	can_bo
31366	235	can_cu
31411	236	can_dam
31412	237	can_ho
31413	238	can_nhac
31414	239	can_than
31415	240	can_thiep
31416	241	can_thiet
31421	242	can_trong
31422	243	cang
31423	244	cang_thang
31424	245	canh
31425	246	canh_bao
31426	247	canh_giac
31431	248	canh_sat
31432	249	canh_tay
31433	250	canh_tranh
31434	251	cao
31435	252	cao_buoc
31436	253	cao_cap
31441	254	cao_oc
31442	255	cao_su
31443	256	cap
31444	257	cap_cuu
31445	258	cap_doi
31446	259	cat
31451	260	cat_canh
31452	261	cat_toc
31453	262	cau
31454	263	cau_chuyen
31455	264	cau_do
31456	265	cau_hoi
31461	266	cau_nguyen
31462	267	cau_noi
31463	268	cau_tao
31464	269	cau_thang
31465	270	cau_thu
31466	271	cau_xin
31511	272	cay
31512	273	cay_coi
31513	274	cay_so
31514	275	cay_xang
31515	276	cha
31516	277	cha_me
31521	278	chac
31522	279	chac_chan
31523	280	chai
31524	281	cham
31525	282	cham_chi
31526	283	cham_chu
31531	284	cham_dut
31532	285	cham_soc
31533	286	chan
31534	287	chan_nan
31535	288	chan_thanh
31536	289	chan_that
31541	290	chan_troi
31542	291	chang
31543	292	chang_trai
31544	293	chanh
31545	294	chao
31546	295	chao_don
31551	296	chao_hoi
31552	297	chao_mung
31553	298	chap
31554	299	chap_nhan
31555	300	chat
31556	301	chat_long
31561	302	chat_luong
31562	303	chau
31563	304	chay
31564	305	chay_mau
31565	306	che
31566	307	che_day
31611	308	che_do
31612	309	che_giau
31613	310	che_tao
31614	311	chen
31615	312	cheo
31616	313	chet
31621	314	chet_duoi
31622	315	chi
31623	316	chi_em
31624	317	chi_phi
31625	318	chi_so
31626	319	chi_tiet
31631	320	chi_tra
31632	321	chi_trich
31633	322	chia
31634	323	chia_buon
31635	324	chia_khoa
31636	325	chia_se
31641	326	chia_tay
31642	327	chiem
31643	328	chiem_nguong
31644	329	chien_dau
31645	330	chien_dich
31646	331	chien_thang
31651	332	chieu
31652	333	chim
31653	334	chin
31654	335	chinh
31655	336	chinh_dang
31656	337	chinh_phu
31661	338	chinh_phuc
31662	339	chinh_quyen
31663	340	chinh_sach
31664	341	chinh_ta
31665	342	chinh_thuc
31666	343	chinh_tri
32111	344	chinh_xac
32112	345	chiu
32113	346	chiu_dung
32114	347	cho
32115	348	cho_biet
32116	349	cho_doi
32121	350	cho_la
32122	351	cho_ngoi
32123	352	cho_phep
32124	353	cho_rang
32125	354	cho_soi
32126	355	choc
32131	356	choi
32132	357	choi_dua
32133	358	chon
32134	359	chon_cat
32135	360	chon_lua
32136	361	chong
32141	362	chong_lai
32142	363	chong_mat
32143	364	chop
32144	365	chu
32145	366	chu_cai
32146	367	chu_de
32151	368	chu_nghia
32152	369	chu_nhan
32153	370	chu_quyen
32154	371	chu_viet
32155	372	chu_y
32156	373	chu_yeu
32161	374	chua
32162	375	chua_dung
32163	376	chuan
32164	377	chuan_bi
32165	378	chuc
32166	379	chuc_mung
32211	380	chuc_nang
32212	381	chuc_trach
32213	382	chuc_vu
32214	383	chui
32215	384	chum
32216	385	chung
32221	386	chung_khoan
32222	387	chung_kien
32223	388	chung_to
32224	389	chung_toc
32225	390	chuoc
32226	391	chuoi
32231	392	chuon
32232	393	chuong
32233	394	chuong_trinh
32234	395	chuot
32235	396	chup
32236	397	chup_anh
32241	398	chut
32242	399	chuyen
32243	400	chuyen_bay
32244	401	chuyen_dong
32245	402	chuyen_gia
32246	403	chuyen_nganh
32251	404	chuyen_nghiep
32252	405	co
32253	406	co_ban
32254	407	co_bap
32255	408	co_be
32256	409	co_dai
32261	410	co_dau
32262	411	co_dien
32263	412	co_don
32264	413	co_gai
32265	414	co_gang
32266	415	co_giao
32311	416	co_giat
32312	417	co_hoi
32313	418	co_hong
32314	419	co_ich
32315	420	co_loi
32316	421	co_ly
32321	422	co_mat
32322	423	co_so
32323	424	co_the
32324	425	co_tich
32325	426	co_tuoi
32326	427	co_vu
32331	428	co_vua
32332	429	coi
32333	430	coi_chung
32334	431	coi_mo
32335	432	coi_thuong
32336	433	coi_trong
32341	434	com_rang
32342	435	con
32343	436	con_be
32344	437	con_cai
32345	438	con_gai
32346	439	con_lai
32351	440	con_mot
32352	441	con_nguoi
32353	442	con_nuoi
32354	443	con_so
32355	444	con_trai
32356	445	con_trung
32361	446	cong
32362	447	cong_an
32363	448	cong_bo
32364	449	cong_chua
32365	450	cong_chung
32366	451	cong_cong
32411	452	cong_cu
32412	453	cong_dan
32413	454	cong_dong
32414	455	cong_hien
32415	456	cong_nghe
32416	457	cong_nghiep
32421	458	cong_nhan
32422	459	cong_san
32423	460	cong_tac
32424	461	cong_thuc
32425	462	cong_ti
32426	463	cong_ty
32431	464	cong_viec
32432	465	cong_vien
32433	466	cot
32434	467	cu
32435	468	cu_cai
32436	469	cu_dong
32441	470	cu_the
32442	471	cu_tru
32443	472	cu_xu
32444	473	cua
32445	474	cua_hang
32446	475	cua_so
32451	476	cuc
32452	477	cuc_doan
32453	478	cui
32454	479	cum
32455	480	cum_tu
32456	481	cung
32461	482	cung_cap
32462	483	cuoc
32463	484	cuoc_doi
32464	485	cuoc_song
32465	486	cuoi
32466	487	cuoi_cung
32511	488	cuoi_tuan
32512	489	cuon
32513	490	cuong
32514	491	cuong_trang
32515	492	cuop
32516	493	cut
32521	494	cuu
32522	495	da
32523	496	da_bong
32524	497	da_dang
32525	498	da_ngoai
32526	499	da_so
32531	500	dac
32532	501	dac_biet
32533	502	dai
32534	503	dai_bang
32535	504	dai_bieu
32536	505	dai_dich
32541	506	dai_dien
32542	507	dai_duong
32543	508	dai_lo
32544	509	dai_so
32545	510	dai_su
32546	511	dai_tu
32551	512	dam
32552	513	dam_bao
32553	514	dam_cuoi
32554	515	dam_dong
32555	516	dam_me
32556	517	dan
32561	518	dan_ba
32562	519	dan_chu
32563	520	dan_ong
32564	521	dang
32565	522	dang_ke
32566	523	dang_ky
32611	524	dang_so
32612	525	dang_thuong
32613	526	dang_yeu
32614	527	danh
32615	528	danh_bai
32616	529	danh_doi
32621	530	danh_gia
32622	531	danh_hieu
32623	532	danh_lua
32624	533	danh_nhau
32625	534	danh_rang
32626	535	danh_sach
32631	536	danh_thiep
32632	537	danh_thuc
32633	538	danh_tieng
32634	539	danh_van
32635	540	dao
32636	541	dao_dien
32641	542	dao_duc
32642	543	dao_nguoc
32643	544	dap
32644	545	dap_an
32645	546	dap_ung
32646	547	dat
32651	548	dat_dai
32652	549	dat_do
32653	550	dat_hang
32654	551	dat_nuoc
32655	552	dat_ten
32656	553	dau
32661	554	dau_bep
32662	555	dau_buon
32663	556	dau_cham
32664	557	dau_dau
32665	558	dau_don
32666	559	dau_goi
33111	560	dau_hang
33112	561	dau_hieu
33113	562	dau_kho
33114	563	dau_mo
33115	564	dau_oc
33116	565	dau_tay
33121	566	dau_tien
33122	567	dau_tu
33123	568	dau_vao
33124	569	day
33125	570	day_chuyen
33126	571	day_dac
33131	572	day_du
33132	573	day_giay
33133	574	day_hoc
33134	575	day_thi
33135	576	de
33136	577	de_cap
33141	578	de_chiu
33142	579	de_dang
33143	580	de_danh
33144	581	de_doa
33145	582	de_mat
33146	583	de_nghi
33151	584	de_phong
33152	585	de_tai
33153	586	de_tam
33154	587	de_thuong
33155	588	de_xuat
33156	589	de_y
33161	590	dem
33162	591	den
33163	592	den_muc
33164	593	den_pin
33165	594	dep
33166	595	dep_de
33211	596	dep_trai
33212	597	deu
33213	598	di
33214	599	di_bo
33215	600	di_choi
33216	601	di_chuc
33221	602	di_chuyen
33222	603	di_cu
33223	604	di_dao
33224	605	di_lam
33225	606	di_san
33226	607	di_vang
33231	608	di_vao
33232	609	dia
33233	610	dia_chi
33234	611	dia_diem
33235	612	dia_hinh
33236	613	dia_phuong
33241	614	dich
33242	615	dich_vu
33243	616	diem
33244	617	diem_tam
33245	618	dien
33246	619	dien_anh
33251	620	dien_hinh
33252	621	dien_may
33253	622	dien_ra
33254	623	dien_ta
33255	624	dien_thoai
33256	625	dien_tich
33261	626	dien_vien
33262	627	diet
33263	628	dieu
33264	629	dieu_do
33265	630	dieu_hanh
33266	631	dieu_hoa
33311	632	dieu_kien
33312	633	dieu_tra
33313	634	dieu_tri
33314	635	dinh
33315	636	dinh_cong
33316	637	dinh_hon
33321	638	dinh_kien
33322	639	dinh_nghia
33323	640	dip
33324	641	diu
33325	642	do
33326	643	do_an
33331	644	do_choi
33332	645	do_dac
33333	646	do_la
33334	647	do_uong
33335	648	doa
33336	649	doan
33341	650	doan_ket
33342	651	doanh_nghiep
33343	652	doanh_nhan
33344	653	doanh_thu
33345	654	doc
33346	655	doc_dao
33351	656	doc_gia
33352	657	doc_lap
33353	658	doc_than
33354	659	doi
33355	660	doi_chieu
33356	661	doi_dien
33361	662	doi_hoi
33362	663	doi_lap
33363	664	doi_phuong
33364	665	doi_song
33365	666	doi_thay
33366	667	doi_thu
33411	668	doi_tuyen
33412	669	doi_xu
33413	670	don
33414	671	don_dep
33415	672	don_gian
33416	673	dong
33421	674	dong_bang
33422	675	dong_bo
33423	676	dong_cam
33424	677	dong_chi
33425	678	dong_co
33426	679	dong_dat
33431	680	dong_duc
33432	681	dong_gop
33433	682	dong_hanh
33434	683	dong_ho
33435	684	dong_luc
33436	685	dong_nghia
33441	686	dong_phuc
33442	687	dong_tinh
33443	688	dong_tu
33444	689	dong_vat
33445	690	dong_vien
33446	691	dong_y
33451	692	dot
33452	693	dot_nhap
33453	694	du
33454	695	du_an
33455	696	du_bao
33456	697	du_dinh
33461	698	du_doan
33462	699	du_hoc
33463	700	du_kien
33464	701	du_lich
33465	702	du_lieu
33466	703	dua
33511	704	dua_be
33512	705	dua_chuot
33513	706	dua_ra
33514	707	duc
33515	708	dun
33516	709	dung
33521	710	dung_cam
33522	711	dung_cu
33523	712	dung_dan
33524	713	dung_day
33525	714	dung_lai
33526	715	duoc
33531	716	duoi
33532	717	duoi_theo
33533	718	duong
33534	719	duong_nhien
33535	720	duong_pho
33536	721	dut
33541	722	duy_nhat
33542	723	duy_tri
33543	724	duyet
33544	725	ech
33545	726	em
33546	727	em_be
33551	728	ep
33552	729	gac
33553	730	gach
33554	731	gai
33555	732	gam
33556	733	gan
33561	734	gang
33562	735	gang_tay
33563	736	ganh
33564	737	ganh_vac
33565	738	gao
33566	739	gap
33611	740	gap_doi
33612	741	gap_go
33613	742	gap_phai
33614	743	gat
33615	744	gay
33616	745	gay_gat
33621	746	gay_su
33622	747	ghe
33623	748	ghen
33624	749	ghen_ti
33625	750	ghet
33626	751	ghi_am
33631	752	ghi_chep
33632	753	ghi_chu
33633	754	ghi_hinh
33634	755	ghi_nhan
33635	756	ghi_nho
33636	757	gia
33641	758	gia_ca
33642	759	gia_dinh
33643	760	gia_nhap
33644	761	gia_thuyet
33645	762	gia_tri
33646	763	gia_vo
33651	764	giac
33652	765	giac_mo
33653	766	giac_quan
33654	767	giai
33655	768	giai_doan
33656	769	giai_khat
33661	770	giai_lao
33662	771	giai_ma
33663	772	giai_phap
33664	773	giai_quyet
33665	774	giai_thich
33666	775	giai_thuong
34111	776	giai_tri
34112	777	giam
34113	778	giam_doc
34114	779	giam_gia
34115	780	giam_sat
34116	781	gian
34121	782	gian_diep
34122	783	gian_doan
34123	784	gian_du
34124	785	gian_lan
34125	786	giang
34126	787	giang_ho
34131	788	gianh
34132	789	giao
34133	790	giao_duc
34134	791	giao_khoa
34135	792	giao_su
34136	793	giao_thong
34141	794	giao_tiep
34142	795	giao_vien
34143	796	giat
34144	797	giau
34145	798	giau_co
34146	799	giay
34151	800	giay_lat
34152	801	giay_phep
34153	802	gieng
34154	803	gieo
34155	804	giet
34156	805	giet_nguoi
34161	806	gio
34162	807	gioi_han
34163	808	giong
34164	809	giong_nhu
34165	810	giong_noi
34166	811	giot
34211	812	giu
34212	813	giuong
34213	814	giup
34214	815	giup_do
34215	816	giup_ich
34216	817	go
34221	818	goc
34222	819	goi
34223	820	goi_y
34224	821	gom
34225	822	gon
34226	823	gop
34231	824	gop_phan
34232	825	gu
34233	826	guc
34234	827	gui
34235	828	guong
34236	829	guong_mat
34241	830	ha
34242	831	ha_canh
34243	832	hac
34244	833	hai
34245	834	hai_hoa
34246	835	hai_huoc
34251	836	hai_long
34252	837	hai_quan
34253	838	hai_san
34254	839	ham
34255	840	han
34256	841	han_hanh
34261	842	hang
34262	843	hang_dau
34263	844	hang_hoa
34264	845	hang_rao
34265	846	hang_xom
34266	847	hanh_dien
34311	848	hanh_dong
34312	849	hanh_khach
34313	850	hanh_lang
34314	851	hanh_ly
34315	852	hanh_nhan
34316	853	hanh_phuc
34321	854	hanh_tay
34322	855	hanh_tinh
34323	856	hanh_trinh
34324	857	hanh_vi
34325	858	hao_hung
34326	859	hao_phong
34331	860	hap
34332	861	hap_dan
34333	862	hap_thu
34334	863	hat
34335	864	hat_giong
34336	865	hat_nhan
34341	866	hau_qua
34342	867	he
34343	868	he_thong
34344	869	hen
34345	870	hen_ho
34346	871	heo
34351	872	hep
34352	873	het
34353	874	het_ca
34354	875	hiem
34355	876	hien
34356	877	hien_dai
34361	878	hien_nhien
34362	879	hien_tai
34363	880	hien_thuc
34364	881	hien_truong
34365	882	hien_tuong
34366	883	hien_vat
34411	884	hiep_hoi
34412	885	hieu
34413	886	hieu_biet
34414	887	hieu_lam
34415	888	hieu_luc
34416	889	hieu_qua
34421	890	hieu_truong
34422	891	hinh_anh
34423	892	hinh_hoc
34424	893	hinh_phat
34425	894	hinh_thanh
34426	895	hinh_thuc
34431	896	hinh_tron
34432	897	hit
34433	898	ho
34434	899	ho_chieu
34435	900	ho_hang
34436	901	ho_so
34441	902	ho_tro
34442	903	hoa
34443	904	hoa_don
34444	905	hoa_hoc
34445	906	hoa_hong
34446	907	hoa_hop
34451	908	hoa_nhac
34452	909	hoa_qua
34453	910	hoa_si
34454	911	hoan
34455	912	hoan_canh
34456	913	hoan_hao
34461	914	hoan_nan
34462	915	hoan_tat
34463	916	hoan_thanh
34464	917	hoan_thien
34465	918	hoan_toan
34466	919	hoang
34511	920	hoang_da
34512	921	hoang_hon
34513	922	hoang_loan
34514	923	hoang_mang
34515	924	hoang_tu
34516	925	hoang_tuong
34521	926	hoat_dong
34522	927	hoc
34523	928	hoc_duong
34524	929	hoc_hanh
34525	930	hoc_hoi
34526	931	hoc_tap
34531	932	hoc_thuoc
34532	933	hoc_tro
34533	934	hoi
34534	935	hoi_han
34535	936	hoi_nghi
34536	937	hoi_nuoc
34541	938	hoi_tham
34542	939	hoi_tiec
34543	940	hoi_truong
34544	941	hoi_vien
34545	942	hon
34546	943	hon_nhan
34551	944	hong
34552	945	hop
34553	946	hop_bao
34554	947	hop_dong
34555	948	hop_phap
34556	949	hop_thu
34561	950	hop_xuong
34562	951	hu
34563	952	hu_hong
34564	953	huan_luyen
34565	954	hung
34566	955	hung_thu
34611	956	huong
34612	957	huong_dan
34613	958	huong_thom
34614	959	huong_thu
34615	960	huong_ung
34616	961	hut
34621	962	hut_thuoc
34622	963	huu
34623	964	huu_co
34624	965	huu_ich
34625	966	huy
34626	967	huy_bo
34631	968	huy_chuong
34632	969	huy_diet
34633	970	huy_hoai
34634	971	huyet_ap
34635	972	hy_sinh
34636	973	hy_vong
34641	974	ich
34642	975	ich_ky
34643	976	im
34644	977	im_lang
34645	978	in
34646	979	ke
34651	980	ke_hoach
34652	981	ke_thu
34653	982	ke_tiep
34654	983	kem
34655	984	kenh
34656	985	keo
34661	986	keo_dai
34662	987	ket
34663	988	ket_an
34664	989	ket_ban
34665	990	ket_hon
34666	991	ket_luan
35111	992	ket_noi
35112	993	ket_thuc
35113	994	keu_goi
35114	995	kha
35115	996	kha_nang
35116	997	kha_thi
35121	998	khac
35122	999	khac_biet
35123	1000	khac_nhau
35124	1001	khac_phuc
35125	1002	khac_thuong
35126	1003	khach_hang
35131	1004	khach_san
35132	1005	khai
35133	1006	khai_mac
35134	1007	khai_niem
35135	1008	kham_pha
35136	1009	khan
35141	1010	khan_cap
35142	1011	khan_gia
35143	1012	khan_truong
35144	1013	khang_dinh
35145	1014	khao
35146	1015	khat
35151	1016	khau_hieu
35152	1017	khau_trang
35153	1018	khen
35154	1019	khen_ngoi
35155	1020	kheo
35156	1021	khi
35161	1022	khi_hau
35162	1023	khia
35163	1024	khia_canh
35164	1025	khich
35165	1026	khiem_ton
35166	1027	khien
35211	1028	khiep
35212	1029	khieu
35213	1030	khieu_vu
35214	1031	khinh
35215	1032	khinh_thuong
35216	1033	kho
35221	1034	kho_bau
35222	1035	kho_chiu
35223	1036	kho_khan
35224	1037	khoa
35225	1038	khoa_hoc
35226	1039	khoac
35231	1040	khoai
35232	1041	khoai_tay
35233	1042	khoan
35234	1043	khoang
35235	1044	khoanh
35236	1045	khoanh_khac
35241	1046	khoc
35242	1047	khoe
35243	1048	khoe_manh
35244	1049	khoi
35245	1050	khoi_dong
35246	1051	khoi_hanh
35251	1052	khoi_to
35252	1053	khong_dam
35253	1054	khong_gian
35254	1055	khong_khi
35255	1056	khong_lo
35256	1057	khong_ngung
35261	1058	khop
35262	1059	khu
35263	1060	khu_vuc
35264	1061	khung
35265	1062	khung_bo
35266	1063	khung_hoang
35311	1064	khung_khiep
35312	1065	khung_long
35313	1066	khuon
35314	1067	khuon_mat
35315	1068	khuya
35316	1069	khuyen
35321	1070	khuyen_khich
35322	1071	khuyet
35323	1072	khuyet_diem
35324	1073	khuynh_huong
35325	1074	ki
35326	1075	ki_nang
35331	1076	ki_niem
35332	1077	kia
35333	1078	kich
35334	1079	kich_thuoc
35335	1080	kiem
35336	1081	kiem_che
35341	1082	kiem_soat
35342	1083	kiem_tra
35343	1084	kien
35344	1085	kien_nhan
35345	1086	kien_quyet
35346	1087	kien_thuc
35351	1088	kien_truc
35352	1089	kiep
35353	1090	kiet_suc
35354	1091	kiet_tac
35355	1092	kieu
35356	1093	kieu_cang
35361	1094	kieu_ngao
35362	1095	kim
35363	1096	kim_cuong
35364	1097	kinh_doanh
35365	1098	kinh_ngac
35366	1099	kinh_nghiem
35411	1100	kinh_te
35412	1101	kinh_trong
35413	1102	ky
35414	1103	ky_la
35415	1104	ky_lan
35416	1105	ky_nang
35421	1106	ky_niem
35422	1107	ky_su
35423	1108	ky_thuat
35424	1109	ky_uc
35425	1110	ky_vong
35426	1111	la
35431	1112	la_thuong
35432	1113	lac
35433	1114	lac_dau
35434	1115	lac_quan
35435	1116	lach
35436	1117	lai_xe
35441	1118	lam
35442	1119	lam_cho
35443	1120	lam_chu
35444	1121	lam_dung
35445	1122	lam_on
35446	1123	lam_phien
35451	1124	lam_quen
35452	1125	lam_tinh
35453	1126	lam_tro
35454	1127	lam_viec
35455	1128	lam_vuon
35456	1129	lan
35461	1130	lan_nhau
35462	1131	lan_truyen
35463	1132	lang
35464	1133	lang_gieng
35465	1134	lang_nghe
35466	1135	lang_phi
35511	1136	lang_thang
35512	1137	lanh
35513	1138	lanh_dao
35514	1139	lanh_manh
35515	1140	lanh_tho
35516	1141	lao
35521	1142	lao_dong
35522	1143	lap
35523	1144	lap_bap
35524	1145	lap_dat
35525	1146	lap_lai
35526	1147	lap_lanh
35531	1148	lap_rap
35532	1149	lap_trinh
35533	1150	lat
35534	1151	lau
35535	1152	lau_dai
35536	1153	lay
35541	1154	lay_lai
35542	1155	le
35543	1156	le_hoi
35544	1157	le_phai
35545	1158	lech
35546	1159	len
35551	1160	len_mat
35552	1161	lenh
35553	1162	leo
35554	1163	leu
35555	1164	li_do
35556	1165	lich
35561	1166	lich_su
35562	1167	lich_trinh
35563	1168	lien
35564	1169	lien_he
35565	1170	lien_ket
35566	1171	lien_lac
35611	1172	lien_quan
35612	1173	lien_tuc
35613	1174	lien_tuong
35614	1175	liet
35615	1176	lieu
35616	1177	linh
35621	1178	lo
35622	1179	lo_la
35623	1180	lo_lang
35624	1181	lo_nghi
35625	1182	lo_so
35626	1183	loa
35631	1184	loai
35632	1185	loai_nguoi
35633	1186	loan
35634	1187	loat
35635	1188	loc
35636	1189	loi
35641	1190	loi_dung
35642	1191	loi_hua
35643	1192	loi_ich
35644	1193	loi_khuyen
35645	1194	loi_nhuan
35646	1195	loi_noi
35651	1196	loi_thoi
35652	1197	lon
35653	1198	lon_tuoi
35654	1199	long
35655	1200	lot
35656	1201	lua
35661	1202	lua_chon
35662	1203	lua_dao
35663	1204	lua_mi
35664	1205	luat
35665	1206	luc
35666	1207	luc_luong
36111	1208	lui
36112	1209	lun
36113	1210	lung
36114	1211	luoc
36115	1212	luoi
36116	1213	luon
36121	1214	luong
36122	1215	luong_tam
36123	1216	luong_thien
36124	1217	luot
36125	1218	luot_song
36126	1219	lut
36131	1220	luu
36132	1221	luu_y
36133	1222	luyen
36134	1223	luyen_tap
36135	1224	ly_di
36136	1225	ly_do
36141	1226	ly_giai
36142	1227	ly_hon
36143	1228	ly_thu
36144	1229	ly_thuyet
36145	1230	ly_tri
36146	1231	ly_tuong
36151	1232	ma
36152	1233	ma_nguon
36153	1234	ma_tuy
36154	1235	mac
36155	1236	mach
36156	1237	mai
36161	1238	man
36162	1239	man_hinh
36163	1240	mang
36164	1241	mang_lai
36165	1242	manh
36166	1243	manh_me
36211	1244	mao
36212	1245	mao_hiem
36213	1246	mao_mach
36214	1247	map
36215	1248	mat
36216	1249	mat_ca
36221	1250	mat_cap
36222	1251	mat_dat
36223	1252	mat_hang
36224	1253	mat_mat
36225	1254	mat_na
36226	1255	mat_ngu
36231	1256	mat_nuoc
36232	1257	mat_ong
36233	1258	mau
36234	1259	mau_sac
36235	1260	mau_thuan
36236	1261	may
36241	1262	may_anh
36242	1263	may_chu
36243	1264	may_in
36244	1265	may_man
36245	1266	may_moc
36246	1267	may_suoi
36251	1268	may_tinh
36252	1269	me
36253	1270	mem
36254	1271	met
36255	1272	met_moi
36256	1273	mien
36261	1274	mien_cuong
36262	1275	mien_phi
36263	1276	mieng
36264	1277	mieu_ta
36265	1278	minh
36266	1279	mo
36311	1280	mo_hinh
36312	1281	mo_ho
36313	1282	mo_hoi
36314	1283	mo_mong
36315	1284	mo_rong
36316	1285	mo_ta
36321	1286	mo_uoc
36322	1287	moc
36323	1288	moc_tui
36324	1289	moi
36325	1290	moi_la
36326	1291	moi_me
36331	1292	moi_truong
36332	1293	mom
36333	1294	mon
36334	1295	mon_an
36335	1296	mon_hoc
36336	1297	mong
36341	1298	mong_cho
36342	1299	mong_doi
36343	1300	mong_muon
36344	1301	mot
36345	1302	mot_chut
36346	1303	mot_so
36351	1304	mot_vai
36352	1305	mu
36353	1306	mu_chu
36354	1307	mu_mau
36355	1308	mua
36356	1309	mua_dong
36361	1310	mua_he
36362	1311	mua_rao
36363	1312	mua_sam
36364	1313	mua_thu
36365	1314	mua_xuan
36366	1315	muc
36411	1316	muc_dich
36412	1317	muc_tieu
36413	1318	mui_ten
36414	1319	mung
36415	1320	muoi
36416	1321	muon
36421	1322	muu
36422	1323	nam
36423	1324	nam_cham
36424	1325	nam_gioi
36425	1326	nam_hoc
36426	1327	nam_nhuan
36431	1328	nam_xuong
36432	1329	nan
36433	1330	nang
36434	1331	nang_cao
36435	1332	nang_dong
36436	1333	nang_luc
36441	1334	nang_luong
36442	1335	nang_suat
36443	1336	nao
36444	1337	nap
36445	1338	nau
36446	1339	nau_an
36451	1340	nau_nuong
36452	1341	ne
36453	1342	ne_tranh
36454	1343	nem
36455	1344	nen
36456	1345	nen_tang
36461	1346	nep
36462	1347	net
36463	1348	nga_tu
36464	1349	ngac_nhien
36465	1350	ngai
36466	1351	ngam
36511	1352	ngam_nga
36512	1353	ngan
36513	1354	ngan_can
36514	1355	ngan_gon
36515	1356	ngan_hang
36516	1357	ngan_keo
36521	1358	ngan_nga
36522	1359	ngan_ngai
36523	1360	ngan_sach
36524	1361	ngang
36525	1362	nganh
36526	1363	ngao
36531	1364	ngap
36532	1365	ngat
36533	1366	ngau
36534	1367	ngay
36535	1368	ngay_le
36536	1369	ngay_sinh
36541	1370	ngay_tho
36542	1371	nghe
36543	1372	nghe_loi
36544	1373	nghe_noi
36545	1374	nghe_si
36546	1375	nghe_thuat
36551	1376	ngheo
36552	1377	nghi
36553	1378	nghi_ngo
36554	1379	nghi_ngoi
36555	1380	nghi_pham
36556	1381	nghi_viec
36561	1382	nghiem
36562	1383	nghiem_khac
36563	1384	nghiem_trong
36564	1385	nghiem_tuc
36565	1386	nghien
36566	1387	nghien_cuu
36611	1388	nghieng
36612	1389	nghiep
36613	1390	nghiep_vu
36614	1391	ngo
36615	1392	ngoai
36616	1393	ngoai_giao
36621	1394	ngoai_le
36622	1395	ngoai_ngu
36623	1396	ngoai_tinh
36624	1397	ngoan
36625	1398	ngoc_trai
36626	1399	ngoi
36631	1400	ngon
36632	1401	ngon_chan
36633	1402	ngon_ngu
36634	1403	ngon_tay
36635	1404	ngot
36636	1405	ngu
36641	1406	ngu_canh
36642	1407	ngu_coc
36643	1408	ngu_ngoc
36644	1409	ngu_phap
36645	1410	ngua
36646	1411	nguc
36651	1412	ngung
36652	1413	nguoc
36653	1414	nguoi
36654	1415	nguoi_la
36655	1416	nguoi_lon
36656	1417	nguoi_may
36661	1418	nguoi_quen
36662	1419	nguoi_ta
36663	1420	nguoi_yeu
36664	1421	nguon
36665	1422	nguon_goc
36666	1423	nguong
41111	1424	nguong_mo
41112	1425	nguy
41113	1426	nguy_co
41114	1427	nguyen_am
41115	1428	nguyen_lieu
41116	1429	nguyen_nhan
41121	1430	nguyen_to
41122	1431	nguyen_tu
41123	1432	nha
41124	1433	nha_bao
41125	1434	nha_bep
41126	1435	nha_cua
41131	1436	nha_ga
41132	1437	nha_hang
41133	1438	nha_hat
41134	1439	nha_kinh
41135	1440	nha_may
41136	1441	nha_nuoc
41141	1442	nha_si
41142	1443	nha_tho
41143	1444	nha_truong
41144	1445	nha_van
41145	1446	nhac
41146	1447	nhac_lai
41151	1448	nhai
41152	1449	nham
41153	1450	nham_chan
41154	1451	nham_mat
41155	1452	nhan
41156	1453	nhan_cach
41161	1454	nhan_dan
41162	1455	nhan_loai
41163	1456	nhan_manh
41164	1457	nhan_ra
41165	1458	nhan_tai
41166	1459	nhan_tao
41211	1460	nhan_thay
41212	1461	nhan_thuc
41213	1462	nhan_vat
41214	1463	nhan_vien
41215	1464	nhanh
41216	1465	nhanh_chong
41221	1466	nhao
41222	1467	nhap_khau
41223	1468	nhap_thanh
41224	1469	nhat
41225	1470	nhat_dinh
41226	1471	nhat_ky
41231	1472	nhat_tri
41232	1473	nhau
41233	1474	nhay
41234	1475	nhay_cam
41235	1476	nhay_day
41236	1477	nhay_mua
41241	1478	nhe_nhang
41242	1479	nhen
41243	1480	nhi
41244	1481	nhiem
41245	1482	nhiem_vu
41246	1483	nhiep_anh
41251	1484	nhiet
41252	1485	nhiet_do
41253	1486	nhiet_ke
41254	1487	nhiet_tinh
41255	1488	nhin
41256	1489	nhin_thay
41261	1490	nhip
41262	1491	nhip_dieu
41263	1492	nho
41264	1493	nho_nhat
41265	1494	nhoc
41266	1495	nhoi
41311	1496	nhom
41312	1497	nhot
41313	1498	nhu
41314	1499	nhu_cau
41315	1500	nhua
41316	1501	nhuc
41321	1502	nhuom
41322	1503	nhuong
41323	1504	niem
41324	1505	ninh
41325	1506	no
41326	1507	no_le
41331	1508	noi
41332	1509	noi_bat
41333	1510	noi_chuyen
41334	1511	noi_day
41335	1512	noi_doi
41336	1513	noi_dung
41341	1514	noi_gian
41342	1515	noi_nang
41343	1516	noi_quy
41344	1517	noi_tam
41345	1518	noi_thang
41346	1519	noi_that
41351	1520	noi_tieng
41352	1521	noi_tro
41353	1522	noi_xau
41354	1523	non
41355	1524	nong
41356	1525	nong_dan
41361	1526	nong_thon
41362	1527	nong_trai
41363	1528	nop
41364	1529	nu
41365	1530	nu_cuoi
41366	1531	nu_hoang
41411	1532	nua
41412	1533	nua_dem
41413	1534	nui
41414	1535	nuoc_bien
41415	1536	nuoc_mat
41416	1537	nuoc_ngoai
41421	1538	nuoc_ngot
41422	1539	nuoi
41423	1540	nuoi_duong
41424	1541	nut
41425	1542	o_chuot
41426	1543	o_khong
41431	1544	o_lai
41432	1545	o_nhiem
41433	1546	o_to
41434	1547	oan
41435	1548	oc
41436	1549	oi
41441	1550	om
41442	1551	on
41443	1552	on_dinh
41444	1553	on_tap
41445	1554	ong
41446	1555	ong_chu
41451	1556	ong_cu
41452	1557	pha
41453	1558	pha_huy
41454	1559	pha_san
41455	1560	phac
41456	1561	phai
41461	1562	pham
41462	1563	pham_chat
41463	1564	pham_phap
41464	1565	phan
41465	1566	phan_biet
41466	1567	phan_boi
41511	1568	phan_chieu
41512	1569	phan_doi
41513	1570	phan_khich
41514	1571	phan_mem
41515	1572	phan_nan
41516	1573	phan_phoi
41521	1574	phan_thuong
41522	1575	phan_ung
41523	1576	phan_xet
41524	1577	phang
41525	1578	phanh
41526	1579	phao
41531	1580	phao_hoa
41532	1581	phap_luat
41533	1582	phat
41534	1583	phat_am
41535	1584	phat_bieu
41536	1585	phat_dien
41541	1586	phat_hanh
41542	1587	phat_hien
41543	1588	phat_huy
41544	1589	phat_minh
41545	1590	phat_song
41546	1591	phat_thanh
41551	1592	phat_trien
41552	1593	phau_thuat
41553	1594	phe_binh
41554	1595	phi
41555	1596	phi_cong
41556	1597	phia
41561	1598	phien
41562	1599	phien_ban
41563	1600	phien_dich
41564	1601	phien_phuc
41565	1602	phieu
41566	1603	phim
41611	1604	pho
41612	1605	pho_bien
41613	1606	pho_mai
41614	1607	pho_mat
41615	1608	pho_thong
41616	1609	phoi
41621	1610	phoi_bay
41622	1611	phong
41623	1612	phong_an
41624	1613	phong_cach
41625	1614	phong_canh
41626	1615	phong_chong
41631	1616	phong_ngu
41632	1617	phong_tam
41633	1618	phong_toa
41634	1619	phong_tuc
41635	1620	phong_van
41636	1621	phong_ve
41641	1622	phong_vien
41642	1623	phu
41643	1624	phu_am
41644	1625	phu_hop
41645	1626	phu_nhan
41646	1627	phu_nu
41651	1628	phu_thuoc
41652	1629	phu_trach
41653	1630	phuc
41654	1631	phuc_loi
41655	1632	phuc_tap
41656	1633	phuc_vu
41661	1634	phun
41662	1635	phuong_an
41663	1636	phuong_phap
41664	1637	phuong_tien
41665	1638	phut
41666	1639	pin
42111	1640	qua
42112	1641	qua_dang
42113	1642	qua_doi
42114	1643	qua_khu
42115	1644	qua_trinh
42116	1645	quai_vat
42121	1646	quan
42122	1647	quan_ao
42123	1648	quan_diem
42124	1649	quan_doi
42125	1650	quan_ly
42126	1651	quan_sat
42131	1652	quan_tam
42132	1653	quan_trong
42133	1654	quan_vot
42134	1655	quang
42135	1656	quang_canh
42136	1657	quang_cao
42141	1658	quanh
42142	1659	quay
42143	1660	quay_lai
42144	1661	que
42145	1662	quen
42146	1663	quen_biet
42151	1664	quen_thuoc
42152	1665	quet
42153	1666	quoc_hoi
42154	1667	quoc_te
42155	1668	quoc_tich
42156	1669	quy
42161	1670	quy_dao
42162	1671	quy_dinh
42163	1672	quy_gia
42164	1673	quy_luat
42165	1674	quy_phai
42166	1675	quy_tac
42211	1676	quyen
42212	1677	quyen_gop
42213	1678	quyen_loi
42214	1679	quyen_ru
42215	1680	quyet_dinh
42216	1681	quyet_doan
42221	1682	quyet_liet
42222	1683	quyet_tam
42223	1684	ra
42224	1685	ra_di
42225	1686	ra_hieu
42226	1687	ra_roi
42231	1688	ra_ve
42232	1689	rac
42233	1690	rac_roi
42234	1691	rach
42235	1692	ran
42236	1693	rang
42241	1694	ranh
42242	1695	ranh_roi
42243	1696	rao
42244	1697	rap
42245	1698	rau
42246	1699	re_tien
42251	1700	ren
42252	1701	ren_luyen
42253	1702	ren_ri
42254	1703	ri
42255	1704	rieng
42256	1705	rieng_tu
42261	1706	ro
42262	1707	ro_rang
42263	1708	ro_ret
42264	1709	robot
42265	1710	roi
42266	1711	ron
42311	1712	rong
42312	1713	rong_lon
42313	1714	rot
42314	1715	rua
42315	1716	rua_tien
42316	1717	rui
42321	1718	rui_ro
42322	1719	run
42323	1720	rung
42324	1721	ruoi
42325	1722	ruong
42326	1723	ruot
42331	1724	ruou
42332	1725	ruou_nho
42333	1726	ruou_vang
42334	1727	rut_lui
42335	1728	sa
42336	1729	sa_mac
42341	1730	sa_thai
42342	1731	sac_dep
42343	1732	sach
42344	1733	sach_bao
42345	1734	sach_se
42346	1735	sach_vo
42351	1736	sai
42352	1737	sai_lam
42353	1738	sai_sot
42354	1739	sam
42355	1740	san
42356	1741	san_bay
42361	1742	san_choi
42362	1743	san_long
42363	1744	san_nha
42364	1745	san_pham
42365	1746	san_sang
42366	1747	san_xuat
42411	1748	sang
42412	1749	sang_kien
42413	1750	sang_som
42414	1751	sang_tao
42415	1752	sanh
42416	1753	sao
42421	1754	sao_bang
42422	1755	sap
42423	1756	sap_xep
42424	1757	sat
42425	1758	sat_hai
42426	1759	sau
42431	1760	sau_sac
42432	1761	say_ruou
42433	1762	se
42434	1763	sep
42435	1764	set
42436	1765	si_quan
42441	1766	sieu_thi
42442	1767	sinh_doi
42443	1768	sinh_hoc
42444	1769	sinh_nhat
42445	1770	sinh_ra
42446	1771	sinh_song
42451	1772	sinh_vat
42452	1773	sinh_vien
42453	1774	so
42454	1775	so_hai
42455	1776	so_hoc
42456	1777	so_huu
42461	1778	so_luong
42462	1779	so_mi
42463	1780	so_nguyen
42464	1781	so_phan
42465	1782	so_sanh
42466	1783	so_thich
42511	1784	so_thu
42512	1785	soan
42513	1786	soat
42514	1787	soc
42515	1788	soi
42516	1789	song
42521	1790	song_sot
42522	1791	sot
42523	1792	su
42524	1793	su_co
42525	1794	su_dung
42526	1795	su_kien
42531	1796	su_nghiep
42532	1797	su_that
42533	1798	su_vat
42534	1799	su_viec
42535	1800	sua_chua
42536	1801	suat
42541	1802	suc
42542	1803	suc_khoe
42543	1804	suc_manh
42544	1805	sung
42545	1806	sung_suong
42546	1807	suoi
42551	1808	suong
42552	1809	suot
42553	1810	sup
42554	1811	sup_do
42555	1812	sut
42556	1813	suu_tam
42561	1814	suu_tap
42562	1815	suy
42563	1816	suy_nghi
42564	1817	ta
42565	1818	tac
42566	1819	tac_dung
42611	1820	tac_gia
42612	1821	tac_pham
42613	1822	tac_xi
42614	1823	tach
42615	1824	tach_roi
42616	1825	tai
42621	1826	tai_chinh
42622	1827	tai_cho
42623	1828	tai_khoan
42624	1829	tai_lieu
42625	1830	tai_nan
42626	1831	tai_nang
42631	1832	tai_nghe
42632	1833	tai_nguyen
42633	1834	tai_san
42634	1835	tai_tro
42635	1836	tai_xuong
42636	1837	tam
42641	1838	tam_giac
42642	1839	tam_hon
42643	1840	tam_nhin
42644	1841	tam_thoi
42645	1842	tam_tri
42646	1843	tan
42651	1844	tan_cong
42652	1845	tan_dung
42653	1846	tan_huong
42654	1847	tan_nat
42655	1848	tan_nhan
42656	1849	tan_pha
42661	1850	tan_thanh
42662	1851	tan_tinh
42663	1852	tang
42664	1853	tang_cuong
42665	1854	tao_hoa
42666	1855	tao_thanh
43111	1856	tap
43112	1857	tap_chi
43113	1858	tap_hop
43114	1859	tap_quan
43115	1860	tap_the
43116	1861	tap_trung
43121	1862	tat
43122	1863	tau_dien
43123	1864	tau_hoa
43124	1865	tay
43125	1866	tay_ao
43126	1867	te
43131	1868	te_bao
43132	1869	ten_lua
43133	1870	tha
43134	1871	tha_thu
43135	1872	thac_mac
43136	1873	thach
43141	1874	thach_thuc
43142	1875	thai
43143	1876	thai_do
43144	1877	tham
43145	1878	tham_du
43146	1879	tham_gia
43151	1880	tham_hoa
43152	1881	tham_hut
43153	1882	tham_phan
43154	1883	tham_quan
43155	1884	tham_vong
43156	1885	than
43161	1886	than_hinh
43162	1887	than_linh
43163	1888	than_minh
43164	1889	than_phien
43165	1890	than_the
43166	1891	than_thien
43211	1892	than_thiet
43212	1893	than_thoai
43213	1894	than_trong
43214	1895	thang
43215	1896	thang_loi
43216	1897	thang_may
43221	1898	thang_than
43222	1899	thanh
43223	1900	thanh_cong
43224	1901	thanh_lap
43225	1902	thanh_nien
43226	1903	thanh_thao
43231	1904	thanh_that
43232	1905	thanh_tich
43233	1906	thanh_toan
43234	1907	thanh_tuu
43235	1908	thanh_vien
43236	1909	thao
43241	1910	thao_luan
43242	1911	thao_tac
43243	1912	thap
43244	1913	that
43245	1914	that_bai
43246	1915	that_long
43251	1916	that_lung
43252	1917	that_nghiep
43253	1918	that_tha
43254	1919	that_vong
43255	1920	thau
43256	1921	thay
43261	1922	thay_doi
43262	1923	thay_giao
43263	1924	thay_the
43264	1925	thay_thuoc
43265	1926	the
43266	1927	the_gioi
43311	1928	the_he
43312	1929	the_hien
43313	1930	the_ky
43314	1931	the_luc
43315	1932	the_thao
43316	1933	them
43321	1934	theo
43322	1935	theo_doi
43323	1936	theo_duoi
43324	1937	thi
43325	1938	thi_chinh
43326	1939	thi_gio
43331	1940	thi_nghiem
43332	1941	thi_tham
43333	1942	thi_thuc
43334	1943	thi_tran
43335	1944	thi_truong
43336	1945	thich_hop
43341	1946	thich_nghi
43342	1947	thich_thu
43343	1948	thien
43344	1949	thien_nhien
43345	1950	thien_tai
43346	1951	thien_than
43351	1952	thien_van
43352	1953	thieng
43353	1954	thiep
43354	1955	thiet
43355	1956	thiet_bi
43356	1957	thiet_hai
43361	1958	thiet_ke
43362	1959	thiet_mang
43363	1960	thieu
43364	1961	thinh_giac
43365	1962	thit
43366	1963	tho
43411	1964	tho_au
43412	1965	tho_dai
43413	1966	tho_lo
43414	1967	thoa
43415	1968	thoa_man
43416	1969	thoa_thich
43421	1970	thoa_thuan
43422	1971	thoai
43423	1972	thoai_mai
43424	1973	thoang
43425	1974	thoat
43426	1975	thoi
43431	1976	thoi_dai
43432	1977	thoi_diem
43433	1978	thoi_gian
43434	1979	thoi_ky
43435	1980	thoi_quen
43436	1981	thoi_tiet
43441	1982	thoi_trang
43442	1983	thon
43443	1984	thong
43444	1985	thong_bao
43445	1986	thong_dich
43446	1987	thong_diep
43451	1988	thong_ke
43452	1989	thong_minh
43453	1990	thong_qua
43454	1991	thong_thao
43455	1992	thong_thuong
43456	1993	thong_tin
43461	1994	thu
43462	1995	thu_cong
43463	1996	thu_do
43464	1997	thu_hoach
43465	1998	thu_hut
43466	1999	thu_ky
43511	2000	thu_nhan
43512	2001	thu_nhap
43513	2002	thu_phap
43514	2003	thu_thach
43515	2004	thu_thap
43516	2005	thu_truong
43521	2006	thu_tu
43522	2007	thu_tuc
43523	2008	thu_tuong
43524	2009	thu_vi
43525	2010	thu_vien
43526	2011	thu_vui
43531	2012	thu_xep
43532	2013	thua
43533	2014	thua_ke
43534	2015	thua_nhan
43535	2016	thuan
43536	2017	thuan_loi
43541	2018	thuc
43542	2019	thuc_an
43543	2020	thuc_day
43544	2021	thuc_giac
43545	2022	thuc_hien
43546	2023	thuc_pham
43551	2024	thuc_tai
43552	2025	thuc_te
43553	2026	thuc_thi
43554	2027	thuc_tien
43555	2028	thuc_uong
43556	2029	thuc_vat
43561	2030	thue
43562	2031	thung
43563	2032	thung_lung
43564	2033	thuoc
43565	2034	thuoc_dia
43566	2035	thuoc_la
43611	2036	thuong
43612	2037	thuong_hai
43613	2038	thuong_mai
43614	2039	thuong_thuc
43615	2040	thuong_tiec
43616	2041	thuong_xuyen
43621	2042	thuyen_truong
43622	2043	thuyet
43623	2044	thuyet_phuc
43624	2045	thuyet_trinh
43625	2046	ti_nan
43626	2047	tia
43631	2048	tich
43632	2049	tich_cuc
43633	2050	tiec
43634	2051	tiem
43635	2052	tien
43636	2053	tien_bac
43641	2054	tien_bo
43642	2055	tien_cua
43643	2056	tien_doan
43644	2057	tien_hanh
43645	2058	tien_le
43646	2059	tien_luong
43651	2060	tien_mat
43652	2061	tien_tri
43653	2062	tien_trien
43654	2063	tieng
43655	2064	tieng_dong
43656	2065	tieng_noi
43661	2066	tieng_on
43662	2067	tiep
43663	2068	tiep_theo
43664	2069	tiep_tuc
43665	2070	tiep_xuc
43666	2071	tiet_kiem
44111	2072	tiet_lo
44112	2073	tieu
44113	2074	tieu_chuan
44114	2075	tieu_thu
44115	2076	tieu_thuyet
44116	2077	tim
44121	2078	tim_hieu
44122	2079	tim_kiem
44123	2080	tim_thay
44124	2081	tin
44125	2082	tin_cay
44126	2083	tin_don
44131	2084	tin_dung
44132	2085	tin_hieu
44133	2086	tin_nhan
44134	2087	tin_tuc
44135	2088	tin_tuong
44136	2089	tinh
44141	2090	tinh_ban
44142	2091	tinh_cach
44143	2092	tinh_cam
44144	2093	tinh_co
44145	2094	tinh_day
44146	2095	tinh_duc
44151	2096	tinh_hinh
44152	2097	tinh_huong
44153	2098	tinh_mach
44154	2099	tinh_nguyen
44155	2100	tinh_tao
44156	2101	tinh_te
44161	2102	tinh_than
44162	2103	tinh_the
44163	2104	tinh_toan
44164	2105	tinh_trang
44165	2106	tinh_yeu
44166	2107	to
44211	2108	to_chuc
44212	2109	to_lon
44213	2110	to_mo
44214	2111	to_ra
44215	2112	toa
44216	2113	toa_an
44221	2114	toa_sang
44222	2115	toan
44223	2116	toan_bo
44224	2117	toan_cau
44225	2118	toan_hoc
44226	2119	toan_quoc
44231	2120	toc
44232	2121	toc_do
44233	2122	toi
44234	2123	toi_da
44235	2124	toi_pham
44236	2125	toi_te
44241	2126	toi_thieu
44242	2127	tom
44243	2128	ton
44244	2129	ton_kem
44245	2130	ton_tai
44246	2131	ton_tho
44251	2132	ton_thuong
44252	2133	ton_trong
44253	2134	tong_cong
44254	2135	tong_hop
44255	2136	tot_bung
44256	2137	tot_dep
44261	2138	tot_nghiep
44262	2139	tra
44263	2140	tra_gia
44264	2141	tra_lai
44265	2142	tra_loi
44266	2143	tra_thu
44311	2144	trac
44312	2145	trach
44313	2146	trach_nhiem
44314	2147	trai
44315	2148	trai_cay
44316	2149	trai_nghiem
44321	2150	trai_nguoc
44322	2151	trai_qua
44323	2152	tram
44324	2153	tram_nam
44325	2154	tram_trong
44326	2155	tran
44331	2156	tran_an
44332	2157	tran_ngap
44333	2158	tran_trong
44334	2159	trang
44335	2160	trang_diem
44336	2161	trang_mieng
44341	2162	trang_suc
44342	2163	trang_thai
44343	2164	trang_trai
44344	2165	trang_tri
44345	2166	trang_tron
44346	2167	trang_web
44351	2168	tranh
44352	2169	tranh_cai
44353	2170	tranh_luan
44354	2171	trao
44355	2172	trao_doi
44356	2173	trat_tu
44361	2174	tre
44362	2175	tre_con
44363	2176	tre_em
44364	2177	tre_trung
44365	2178	tren
44366	2179	treo
44411	2180	treu
44412	2181	tri_hoan
44413	2182	tri_nho
44414	2183	tri_tue
44415	2184	trich_dan
44416	2185	trien_lam
44421	2186	triet_hoc
44422	2187	trieu_chung
44423	2188	trinh
44424	2189	trinh_bay
44425	2190	trinh_cam
44426	2191	trinh_tham
44431	2192	tro
44432	2193	tro_choi
44433	2194	tro_chuyen
44434	2195	tro_giup
44435	2196	tro_lai
44436	2197	tro_ly
44441	2198	tro_nen
44442	2199	tro_ngai
44443	2200	tro_thanh
44444	2201	tro_ve
44445	2202	troi
44446	2203	troi_chay
44451	2204	troi_dat
44452	2205	tron
44453	2206	trong
44454	2207	trong_cay
44455	2208	trong_dai
44456	2209	trong_suot
44461	2210	trong_thay
44462	2211	tru
44463	2212	trua
44464	2213	truc
44465	2214	truc_giac
44466	2215	truc_tiep
44511	2216	truc_trac
44512	2217	trum
44513	2218	trung
44514	2219	trung_bay
44515	2220	trung_hoc
44516	2221	trung_phat
44521	2222	trung_tam
44522	2223	trung_uong
44523	2224	truoc_mat
44524	2225	truong
44525	2226	truong_hop
44526	2227	truong_thanh
44531	2228	truot
44532	2229	truot_bang
44533	2230	truot_tuyet
44534	2231	trut
44535	2232	truy
44536	2233	truy_cap
44541	2234	truyen
44542	2235	truyen_dat
44543	2236	truyen_thong
44544	2237	truyen_tranh
44545	2238	tu
44546	2239	tu_bo
44551	2240	tu_cach
44552	2241	tu_choi
44553	2242	tu_chuc
44554	2243	tu_dien
44555	2244	tu_do
44556	2245	tu_dong
44561	2246	tu_duy
44562	2247	tu_hao
44563	2248	tu_hinh
44564	2249	tu_lanh
44565	2250	tu_ngu
44566	2251	tu_sat
44611	2252	tu_te
44612	2253	tu_thien
44613	2254	tu_tin
44614	2255	tu_tu
44615	2256	tu_tuong
44616	2257	tu_ve
44621	2258	tu_vong
44622	2259	tuan
44623	2260	tuan_hoan
44624	2261	tuc
44625	2262	tuc_gian
44626	2263	tuc_la
44631	2264	tui
44632	2265	tui_xach
44633	2266	tung
44634	2267	tung_trai
44635	2268	tuoi
44636	2269	tuoi_tac
44641	2270	tuoi_tho
44642	2271	tuong
44643	2272	tuong_doi
44644	2273	tuong_duong
44645	2274	tuong_lai
44646	2275	tuong_thich
44651	2276	tuong_tu
44652	2277	tuong_tuong
44653	2278	tuong_ung
44654	2279	tuyen
44655	2280	tuyen_bo
44656	2281	tuyet
44661	2282	tuyet_chung
44662	2283	tuyet_doi
44663	2284	tuyet_voi
44664	2285	tuyet_vong
44665	2286	ty_le
44666	2287	ua
45111	2288	ua_thich
45112	2289	ui
45113	2290	ung
45114	2291	ung_cu
45115	2292	ung_dung
45116	2293	ung_ho
45121	2294	ung_thu
45122	2295	ung_xu
45123	2296	uoc_mo
45124	2297	uoc_tinh
45125	2298	uong
45126	2299	uot
45131	2300	uu_dai
45132	2301	uy
45133	2302	va
45134	2303	va_li
45135	2304	vac
45136	2305	vai
45141	2306	vai_tro
45142	2307	van
45143	2308	van_ban
45144	2309	van_chuyen
45145	2310	van_de
45146	2311	van_dong
45151	2312	van_hanh
45152	2313	van_phong
45153	2314	vang
45154	2315	vang_mat
45155	2316	vao
45156	2317	vat
45161	2318	vat_chat
45162	2319	vat_ly
45163	2320	vat_the
45164	2321	vat_va
45165	2322	vay
45166	2323	ve
45211	2324	ve_sinh
45212	2325	ve_so
45213	2326	ve_tinh
45214	2327	ven_bien
45215	2328	vet
45216	2329	vet_thuong
45221	2330	vi_dai
45222	2331	vi_du
45223	2332	vi_pham
45224	2333	vi_tri
45225	2334	viec
45226	2335	viec_gi
45231	2336	viec_lam
45232	2337	viem
45233	2338	viet
45234	2339	viet_lach
45235	2340	viet_tat
45236	2341	vinh
45241	2342	vinh_du
45242	2343	vit
45243	2344	vo
45244	2345	vo_chong
45245	2346	vo_cung
45246	2347	vo_dung
45251	2348	vo_gia
45252	2349	vo_han
45253	2350	vo_ich
45254	2351	vo_nghia
45255	2352	vo_phuong
45256	2353	vo_so
45261	2354	vo_tan
45262	2355	vo_tay
45263	2356	vo_than
45264	2357	vo_tinh
45265	2358	vo_toi
45266	2359	voi
45311	2360	voi_vang
45312	2361	von
45313	2362	vot
45314	2363	vu
45315	2364	vu_khi
45316	2365	vu_tru
45321	2366	vu_viec
45322	2367	vua
45323	2368	vua_long
45324	2369	vuc
45325	2370	vui_choi
45326	2371	vui_long
45331	2372	vui_mung
45332	2373	vui_suong
45333	2374	vui_ve
45334	2375	vung
45335	2376	vuon
45336	2377	vuong
45341	2378	vuong_quoc
45342	2379	vuot
45343	2380	vuot_qua
45344	2381	vut
45345	2382	xa
45346	2383	xa_la
45351	2384	xa_phong
45352	2385	xa_xoi
45353	2386	xac
45354	2387	xac_dinh
45355	2388	xac_nhan
45356	2389	xach
45361	2390	xai
45362	2391	xam
45363	2392	xam_pham
45364	2393	xan
45365	2394	xanh_duong
45366	2395	xau
45411	2396	xau_ho
45412	2397	xau_xi
45413	2398	xay
45414	2399	xay_dung
45415	2400	xe
45416	2401	xe_buyt
45421	2402	xe_dap
45422	2403	xe_dien
45423	2404	xe_hoi
45424	2405	xe_lua
45425	2406	xe_may
45426	2407	xe_tai
45431	2408	xem
45432	2409	xem_thuong
45433	2410	xem_xet
45434	2411	xep
45435	2412	xep_hang
45436	2413	xi
45441	2414	xi_ga
45442	2415	xich
45443	2416	xin
45444	2417	xin_loi
45445	2418	xinh
45446	2419	xinh_dep
45451	2420	xinh_xan
45452	2421	xo
45453	2422	xoa
45454	2423	xoay
45455	2424	xoi
45456	2425	xom
45461	2426	xong
45462	2427	xot
45463	2428	xu
45464	2429	xu_huong
45465	2430	xu_ly
45466	2431	xua
45511	2432	xuat_ban
45512	2433	xuat_chung
45513	2434	xuat_hien
45514	2435	xuat_phat
45515	2436	xuat_sac
45516	2437	xuat_than
45521	2438	xuat_tinh
45522	2439	xuc
45523	2440	xuc_pham
45524	2441	xung
45525	2442	xung_dang
45526	2443	xung_dot
45531	2444	xung_quanh
45532	2445	xuong
45533	2446	y_chi
45534	2447	y_dinh
45535	2448	y_do
45536	2449	y_het
45541	2450	y_kien
45542	2451	y_nghi
45543	2452	y_nghia
45544	2453	y_te
45545	2454	y_tu
45546	2455	y_tuong
45551	2456	yen_lang
45552	2457	yeu
45553	2458	yeu_cau
45554	2459	yeu_duoi
45555	2460	yeu_quy
45556	2461	yeu_thich
45561	2462	yeu_thuong
45562	2463	yeu_to
45563	0	ac_mong
45564	1	ac_quy
45565	2	album
45566	3	am
45611	4	am_anh
45612	5	am_ap
45613	6	am_chi
45614	7	am_muu
45615	8	am_nhac
45616	9	am_thanh
45621	10	am_thuc
45622	11	an_cap
45623	12	an_chay
45624	13	an_com
45625	14	an_dien
45626	15	an_giau
45631	16	an_mac
45632	17	an_mung
45633	18	an_ninh
45634	19	an_noi
45635	20	an_o
45636	21	an_toan
45641	22	an_trom
45642	23	an_tuong
45643	24	an_ui
45644	25	an_uong
45645	26	anh
45646	27	anh_em
45651	28	anh_hung
45652	29	anh_huong
45653	30	anh_sang
45654	31	ao
45655	32	ao_khoac
45656	33	ap_dung
45661	34	ap_suat
45662	35	au
45663	36	ba
45664	37	ba_noi
45665	38	bac
45666	39	bac_bo
46111	40	bac_si
46112	41	bac_sy
46113	42	bai
46114	43	bai_bien
46115	44	bai_bo
46116	45	bai_co
46121	46	bai_giang
46122	47	bai_hat
46123	48	bai_hoc
46124	49	bai_tap
46125	50	bai_tho
46126	51	bai_viet
46131	52	bam
46132	53	ban
46133	54	ban_bac
46134	55	ban_be
46135	56	ban_chan
46136	57	ban_chat
46141	58	ban_chay
46142	59	ban_dau
46143	60	ban_dem
46144	61	ban_do
46145	62	ban_doc
46146	63	ban_gai
46151	64	ban_goc
46152	65	ban_luan
46153	66	ban_nang
46154	67	ban_ngay
46155	68	ban_ngu
46156	69	ban_nhac
46161	70	ban_ron
46162	71	ban_tay
46163	72	ban_than
46164	73	ban_xu
46165	74	bang
46166	75	bang_chung
46211	76	bang_den
46212	77	bang_ha
46213	78	banh
46214	79	banh_mi
46215	80	banh_ngot
46216	81	banh_quy
46221	82	banh_xe
46222	83	bao
46223	84	bao_cao
46224	85	bao_chi
46225	86	bao_gom
46226	87	bao_hiem
46231	88	bao_luc
46232	89	bao_phu
46233	90	bao_quan
46234	91	bao_quanh
46235	92	bao_thuc
46236	93	bao_ve
46241	94	bap
46242	95	bat
46243	96	bat_buoc
46244	97	bat_can
46245	98	bat_chap
46246	99	bat_coc
46251	100	bat_cong
46252	101	bat_dau
46253	102	bat_gap
46254	103	bat_giu
46255	104	bat_hanh
46256	105	bat_ky
46261	106	bat_luc
46262	107	bat_man
46263	108	bat_ngo
46264	109	bat_nguon
46265	110	bat_tay
46266	111	bat_tinh
46311	112	bat_tu
46312	113	bau_cu
46313	114	bau_troi
46314	115	bay
46315	116	bay_to
46316	117	be
46321	118	be_boi
46322	119	be_mat
46323	120	be_ngoai
46324	121	ben
46325	122	ben_canh
46326	123	ben_ngoai
46331	124	ben_vung
46332	125	ben_xe
46333	126	benh
46334	127	benh_nhan
46335	128	benh_tat
46336	129	benh_vien
46341	130	beo
46342	131	bep
46343	132	bi
46344	133	bi_an
46345	134	bi_cao
46346	135	bi_mat
46351	136	bi_quan
46352	137	bi_quyet
46353	138	bia
46354	139	bien
46355	140	bien_bao
46356	141	bien_dich
46361	142	bien_doi
46362	143	bien_ho
46363	144	bien_mat
46364	145	biet
46365	146	biet_dieu
46366	147	biet_on
46411	148	bieu_dien
46412	149	bieu_tinh
46413	150	bieu_tuong
46414	151	binh
46415	152	binh_dang
46416	153	binh_luan
46421	154	binh_thuong
46422	155	binh_tinh
46423	156	bo
46424	157	bo_cau
46425	158	bo_cuoc
46426	159	bo_do
46431	160	bo_lo
46432	161	bo_me
46433	162	bo_phan
46434	163	bo_phieu
46435	164	bo_qua
46436	165	bo_roi
46441	166	bo_truong
46442	167	boc
46443	168	boi
46444	169	boi_ban
46445	170	boi_canh
46446	171	boi_loi
46451	172	boi_roi
46452	173	bon_phan
46453	174	bong
46454	175	bong_chay
46455	176	bong_chuyen
46456	177	bong_da
46461	178	bong_ngo
46462	179	bong_ro
46463	180	bong_toi
46464	181	bop
46465	182	bot
46466	183	bu
46511	184	bua
46512	185	bua_an
46513	186	buc
46514	187	buc_boi
46515	188	bui
46516	189	bung
46521	190	buoc
46522	191	buoc_toi
46523	192	buoi
46524	193	buoi_chieu
46525	194	buoi_sang
46526	195	buoi_toi
46531	196	buoi_trua
46532	197	buon
46533	198	buon_cuoi
46534	199	buon_ngu
46535	200	buon_phien
46536	201	bup
46541	202	bup_be
46542	203	but
46543	204	but_chi
46544	205	buu_dien
46545	206	ca
46546	207	ca_chua
46551	208	ca_nhan
46552	209	ca_phe
46553	210	ca_rot
46554	211	ca_si
46555	212	ca_voi
46556	213	cach_mang
46561	214	cai
46562	215	cai_cach
46563	216	cai_co
46564	217	cai_dat
46565	218	cai_thien
46566	219	cai_tien
46611	220	cai_trang
46612	221	cai_tri
46613	222	cam
46614	223	cam_dong
46615	224	cam_giac
46616	225	cam_hung
46621	226	cam_ket
46622	227	cam_nhan
46623	228	cam_on
46624	229	cam_sung
46625	230	cam_thay
46626	231	cam_trai
46631	232	cam_xuc
46632	233	can
46633	234	can_bo
46634	235	can_cu
46635	236	can_dam
46636	237	can_ho
46641	238	can_nhac
46642	239	can_than
46643	240	can_thiep
46644	241	can_thiet
46645	242	can_trong
46646	243	cang
46651	244	cang_thang
46652	245	canh
46653	246	canh_bao
46654	247	canh_giac
46655	248	canh_sat
46656	249	canh_tay
46661	250	canh_tranh
46662	251	cao
46663	252	cao_buoc
46664	253	cao_cap
46665	254	cao_oc
46666	255	cao_su
51111	256	cap
51112	257	cap_cuu
51113	258	cap_doi
51114	259	cat
51115	260	cat_canh
51116	261	cat_toc
51121	262	cau
51122	263	cau_chuyen
51123	264	cau_do
51124	265	cau_hoi
51125	266	cau_nguyen
51126	267	cau_noi
51131	268	cau_tao
51132	269	cau_thang
51133	270	cau_thu
51134	271	cau_xin
51135	272	cay
51136	273	cay_coi
51141	274	cay_so
51142	275	cay_xang
51143	276	cha
51144	277	cha_me
51145	278	chac
51146	279	chac_chan
51151	280	chai
51152	281	cham
51153	282	cham_chi
51154	283	cham_chu
51155	284	cham_dut
51156	285	cham_soc
51161	286	chan
51162	287	chan_nan
51163	288	chan_thanh
51164	289	chan_that
51165	290	chan_troi
51166	291	chang
51211	292	chang_trai
51212	293	chanh
51213	294	chao
51214	295	chao_don
51215	296	chao_hoi
51216	297	chao_mung
51221	298	chap
51222	299	chap_nhan
51223	300	chat
51224	301	chat_long
51225	302	chat_luong
51226	303	chau
51231	304	chay
51232	305	chay_mau
51233	306	che
51234	307	che_day
51235	308	che_do
51236	309	che_giau
51241	310	che_tao
51242	311	chen
51243	312	cheo
51244	313	chet
51245	314	chet_duoi
51246	315	chi
51251	316	chi_em
51252	317	chi_phi
51253	318	chi_so
51254	319	chi_tiet
51255	320	chi_tra
51256	321	chi_trich
51261	322	chia
51262	323	chia_buon
51263	324	chia_khoa
51264	325	chia_se
51265	326	chia_tay
51266	327	chiem
51311	328	chiem_nguong
51312	329	chien_dau
51313	330	chien_dich
51314	331	chien_thang
51315	332	chieu
51316	333	chim
51321	334	chin
51322	335	chinh
51323	336	chinh_dang
51324	337	chinh_phu
51325	338	chinh_phuc
51326	339	chinh_quyen
51331	340	chinh_sach
51332	341	chinh_ta
51333	342	chinh_thuc
51334	343	chinh_tri
51335	344	chinh_xac
51336	345	chiu
51341	346	chiu_dung
51342	347	cho
51343	348	cho_biet
51344	349	cho_doi
51345	350	cho_la
51346	351	cho_ngoi
51351	352	cho_phep
51352	353	cho_rang
51353	354	cho_soi
51354	355	choc
51355	356	choi
51356	357	choi_dua
51361	358	chon
51362	359	chon_cat
51363	360	chon_lua
51364	361	chong
51365	362	chong_lai
51366	363	chong_mat
51411	364	chop
51412	365	chu
51413	366	chu_cai
51414	367	chu_de
51415	368	chu_nghia
51416	369	chu_nhan
51421	370	chu_quyen
51422	371	chu_viet
51423	372	chu_y
51424	373	chu_yeu
51425	374	chua
51426	375	chua_dung
51431	376	chuan
51432	377	chuan_bi
51433	378	chuc
51434	379	chuc_mung
51435	380	chuc_nang
51436	381	chuc_trach
51441	382	chuc_vu
51442	383	chui
51443	384	chum
51444	385	chung
51445	386	chung_khoan
51446	387	chung_kien
51451	388	chung_to
51452	389	chung_toc
51453	390	chuoc
51454	391	chuoi
51455	392	chuon
51456	393	chuong
51461	394	chuong_trinh
51462	395	chuot
51463	396	chup
51464	397	chup_anh
51465	398	chut
51466	399	chuyen
51511	400	chuyen_bay
51512	401	chuyen_dong
51513	402	chuyen_gia
51514	403	chuyen_nganh
51515	404	chuyen_nghiep
51516	405	co
51521	406	co_ban
51522	407	co_bap
51523	408	co_be
51524	409	co_dai
51525	410	co_dau
51526	411	co_dien
51531	412	co_don
51532	413	co_gai
51533	414	co_gang
51534	415	co_giao
51535	416	co_giat
51536	417	co_hoi
51541	418	co_hong
51542	419	co_ich
51543	420	co_loi
51544	421	co_ly
51545	422	co_mat
51546	423	co_so
51551	424	co_the
51552	425	co_tich
51553	426	co_tuoi
51554	427	co_vu
51555	428	co_vua
51556	429	coi
51561	430	coi_chung
51562	431	coi_mo
51563	432	coi_thuong
51564	433	coi_trong
51565	434	com_rang
51566	435	con
51611	436	con_be
51612	437	con_cai
51613	438	con_gai
51614	439	con_lai
51615	440	con_mot
51616	441	con_nguoi
51621	442	con_nuoi
51622	443	con_so
51623	444	con_trai
51624	445	con_trung
51625	446	cong
51626	447	cong_an
51631	448	cong_bo
51632	449	cong_chua
51633	450	cong_chung
51634	451	cong_cong
51635	452	cong_cu
51636	453	cong_dan
51641	454	cong_dong
51642	455	cong_hien
51643	456	cong_nghe
51644	457	cong_nghiep
51645	458	cong_nhan
51646	459	cong_san
51651	460	cong_tac
51652	461	cong_thuc
51653	462	cong_ti
51654	463	cong_ty
51655	464	cong_viec
51656	465	cong_vien
51661	466	cot
51662	467	cu
51663	468	cu_cai
51664	469	cu_dong
51665	470	cu_the
51666	471	cu_tru
52111	472	cu_xu
52112	473	cua
52113	474	cua_hang
52114	475	cua_so
52115	476	cuc
52116	477	cuc_doan
52121	478	cui
52122	479	cum
52123	480	cum_tu
52124	481	cung
52125	482	cung_cap
52126	483	cuoc
52131	484	cuoc_doi
52132	485	cuoc_song
52133	486	cuoi
52134	487	cuoi_cung
52135	488	cuoi_tuan
52136	489	cuon
52141	490	cuong
52142	491	cuong_trang
52143	492	cuop
52144	493	cut
52145	494	cuu
52146	495	da
52151	496	da_bong
52152	497	da_dang
52153	498	da_ngoai
52154	499	da_so
52155	500	dac
52156	501	dac_biet
52161	502	dai
52162	503	dai_bang
52163	504	dai_bieu
52164	505	dai_dich
52165	506	dai_dien
52166	507	dai_duong
52211	508	dai_lo
52212	509	dai_so
52213	510	dai_su
52214	511	dai_tu
52215	512	dam
52216	513	dam_bao
52221	514	dam_cuoi
52222	515	dam_dong
52223	516	dam_me
52224	517	dan
52225	518	dan_ba
52226	519	dan_chu
52231	520	dan_ong
52232	521	dang
52233	522	dang_ke
52234	523	dang_ky
52235	524	dang_so
52236	525	dang_thuong
52241	526	dang_yeu
52242	527	danh
52243	528	danh_bai
52244	529	danh_doi
52245	530	danh_gia
52246	531	danh_hieu
52251	532	danh_lua
52252	533	danh_nhau
52253	534	danh_rang
52254	535	danh_sach
52255	536	danh_thiep
52256	537	danh_thuc
52261	538	danh_tieng
52262	539	danh_van
52263	540	dao
52264	541	dao_dien
52265	542	dao_duc
52266	543	dao_nguoc
52311	544	dap
52312	545	dap_an
52313	546	dap_ung
52314	547	dat
52315	548	dat_dai
52316	549	dat_do
52321	550	dat_hang
52322	551	dat_nuoc
52323	552	dat_ten
52324	553	dau
52325	554	dau_bep
52326	555	dau_buon
52331	556	dau_cham
52332	557	dau_dau
52333	558	dau_don
52334	559	dau_goi
52335	560	dau_hang
52336	561	dau_hieu
52341	562	dau_kho
52342	563	dau_mo
52343	564	dau_oc
52344	565	dau_tay
52345	566	dau_tien
52346	567	dau_tu
52351	568	dau_vao
52352	569	day
52353	570	day_chuyen
52354	571	day_dac
52355	572	day_du
52356	573	day_giay
52361	574	day_hoc
52362	575	day_thi
52363	576	de
52364	577	de_cap
52365	578	de_chiu
52366	579	de_dang
52411	580	de_danh
52412	581	de_doa
52413	582	de_mat
52414	583	de_nghi
52415	584	de_phong
52416	585	de_tai
52421	586	de_tam
52422	587	de_thuong
52423	588	de_xuat
52424	589	de_y
52425	590	dem
52426	591	den
52431	592	den_muc
52432	593	den_pin
52433	594	dep
52434	595	dep_de
52435	596	dep_trai
52436	597	deu
52441	598	di
52442	599	di_bo
52443	600	di_choi
52444	601	di_chuc
52445	602	di_chuyen
52446	603	di_cu
52451	604	di_dao
52452	605	di_lam
52453	606	di_san
52454	607	di_vang
52455	608	di_vao
52456	609	dia
52461	610	dia_chi
52462	611	dia_diem
52463	612	dia_hinh
52464	613	dia_phuong
52465	614	dich
52466	615	dich_vu
52511	616	diem
52512	617	diem_tam
52513	618	dien
52514	619	dien_anh
52515	620	dien_hinh
52516	621	dien_may
52521	622	dien_ra
52522	623	dien_ta
52523	624	dien_thoai
52524	625	dien_tich
52525	626	dien_vien
52526	627	diet
52531	628	dieu
52532	629	dieu_do
52533	630	dieu_hanh
52534	631	dieu_hoa
52535	632	dieu_kien
52536	633	dieu_tra
52541	634	dieu_tri
52542	635	dinh
52543	636	dinh_cong
52544	637	dinh_hon
52545	638	dinh_kien
52546	639	dinh_nghia
52551	640	dip
52552	641	diu
52553	642	do
52554	643	do_an
52555	644	do_choi
52556	645	do_dac
52561	646	do_la
52562	647	do_uong
52563	648	doa
52564	649	doan
52565	650	doan_ket
52566	651	doanh_nghiep
52611	652	doanh_nhan
52612	653	doanh_thu
52613	654	doc
52614	655	doc_dao
52615	656	doc_gia
52616	657	doc_lap
52621	658	doc_than
52622	659	doi
52623	660	doi_chieu
52624	661	doi_dien
52625	662	doi_hoi
52626	663	doi_lap
52631	664	doi_phuong
52632	665	doi_song
52633	666	doi_thay
52634	667	doi_thu
52635	668	doi_tuyen
52636	669	doi_xu
52641	670	don
52642	671	don_dep
52643	672	don_gian
52644	673	dong
52645	674	dong_bang
52646	675	dong_bo
52651	676	dong_cam
52652	677	dong_chi
52653	678	dong_co
52654	679	dong_dat
52655	680	dong_duc
52656	681	dong_gop
52661	682	dong_hanh
52662	683	dong_ho
52663	684	dong_luc
52664	685	dong_nghia
52665	686	dong_phuc
52666	687	dong_tinh
53111	688	dong_tu
53112	689	dong_vat
53113	690	dong_vien
53114	691	dong_y
53115	692	dot
53116	693	dot_nhap
53121	694	du
53122	695	du_an
53123	696	du_bao
53124	697	du_dinh
53125	698	du_doan
53126	699	du_hoc
53131	700	du_kien
53132	701	du_lich
53133	702	du_lieu
53134	703	dua
53135	704	dua_be
53136	705	dua_chuot
53141	706	dua_ra
53142	707	duc
53143	708	dun
53144	709	dung
53145	710	dung_cam
53146	711	dung_cu
53151	712	dung_dan
53152	713	dung_day
53153	714	dung_lai
53154	715	duoc
53155	716	duoi
53156	717	duoi_theo
53161	718	duong
53162	719	duong_nhien
53163	720	duong_pho
53164	721	dut
53165	722	duy_nhat
53166	723	duy_tri
53211	724	duyet
53212	725	ech
53213	726	em
53214	727	em_be
53215	728	ep
53216	729	gac
53221	730	gach
53222	731	gai
53223	732	gam
53224	733	gan
53225	734	gang
53226	735	gang_tay
53231	736	ganh
53232	737	ganh_vac
53233	738	gao
53234	739	gap
53235	740	gap_doi
53236	741	gap_go
53241	742	gap_phai
53242	743	gat
53243	744	gay
53244	745	gay_gat
53245	746	gay_su
53246	747	ghe
53251	748	ghen
53252	749	ghen_ti
53253	750	ghet
53254	751	ghi_am
53255	752	ghi_chep
53256	753	ghi_chu
53261	754	ghi_hinh
53262	755	ghi_nhan
53263	756	ghi_nho
53264	757	gia
53265	758	gia_ca
53266	759	gia_dinh
53311	760	gia_nhap
53312	761	gia_thuyet
53313	762	gia_tri
53314	763	gia_vo
53315	764	giac
53316	765	giac_mo
53321	766	giac_quan
53322	767	giai
53323	768	giai_doan
53324	769	giai_khat
53325	770	giai_lao
53326	771	giai_ma
53331	772	giai_phap
53332	773	giai_quyet
53333	774	giai_thich
53334	775	giai_thuong
53335	776	giai_tri
53336	777	giam
53341	778	giam_doc
53342	779	giam_gia
53343	780	giam_sat
53344	781	gian
53345	782	gian_diep
53346	783	gian_doan
53351	784	gian_du
53352	785	gian_lan
53353	786	giang
53354	787	giang_ho
53355	788	gianh
53356	789	giao
53361	790	giao_duc
53362	791	giao_khoa
53363	792	giao_su
53364	793	giao_thong
53365	794	giao_tiep
53366	795	giao_vien
53411	796	giat
53412	797	giau
53413	798	giau_co
53414	799	giay
53415	800	giay_lat
53416	801	giay_phep
53421	802	gieng
53422	803	gieo
53423	804	giet
53424	805	giet_nguoi
53425	806	gio
53426	807	gioi_han
53431	808	giong
53432	809	giong_nhu
53433	810	giong_noi
53434	811	giot
53435	812	giu
53436	813	giuong
53441	814	giup
53442	815	giup_do
53443	816	giup_ich
53444	817	go
53445	818	goc
53446	819	goi
53451	820	goi_y
53452	821	gom
53453	822	gon
53454	823	gop
53455	824	gop_phan
53456	825	gu
53461	826	guc
53462	827	gui
53463	828	guong
53464	829	guong_mat
53465	830	ha
53466	831	ha_canh
53511	832	hac
53512	833	hai
53513	834	hai_hoa
53514	835	hai_huoc
53515	836	hai_long
53516	837	hai_quan
53521	838	hai_san
53522	839	ham
53523	840	han
53524	841	han_hanh
53525	842	hang
53526	843	hang_dau
53531	844	hang_hoa
53532	845	hang_rao
53533	846	hang_xom
53534	847	hanh_dien
53535	848	hanh_dong
53536	849	hanh_khach
53541	850	hanh_lang
53542	851	hanh_ly
53543	852	hanh_nhan
53544	853	hanh_phuc
53545	854	hanh_tay
53546	855	hanh_tinh
53551	856	hanh_trinh
53552	857	hanh_vi
53553	858	hao_hung
53554	859	hao_phong
53555	860	hap
53556	861	hap_dan
53561	862	hap_thu
53562	863	hat
53563	864	hat_giong
53564	865	hat_nhan
53565	866	hau_qua
53566	867	he
53611	868	he_thong
53612	869	hen
53613	870	hen_ho
53614	871	heo
53615	872	hep
53616	873	het
53621	874	het_ca
53622	875	hiem
53623	876	hien
53624	877	hien_dai
53625	878	hien_nhien
53626	879	hien_tai
53631	880	hien_thuc
53632	881	hien_truong
53633	882	hien_tuong
53634	883	hien_vat
53635	884	hiep_hoi
53636	885	hieu
53641	886	hieu_biet
53642	887	hieu_lam
53643	888	hieu_luc
53644	889	hieu_qua
53645	890	hieu_truong
53646	891	hinh_anh
53651	892	hinh_hoc
53652	893	hinh_phat
53653	894	hinh_thanh
53654	895	hinh_thuc
53655	896	hinh_tron
53656	897	hit
53661	898	ho
53662	899	ho_chieu
53663	900	ho_hang
53664	901	ho_so
53665	902	ho_tro
53666	903	hoa
54111	904	hoa_don
54112	905	hoa_hoc
54113	906	hoa_hong
54114	907	hoa_hop
54115	908	hoa_nhac
54116	909	hoa_qua
54121	910	hoa_si
54122	911	hoan
54123	912	hoan_canh
54124	913	hoan_hao
54125	914	hoan_nan
54126	915	hoan_tat
54131	916	hoan_thanh
54132	917	hoan_thien
54133	918	hoan_toan
54134	919	hoang
54135	920	hoang_da
54136	921	hoang_hon
54141	922	hoang_loan
54142	923	hoang_mang
54143	924	hoang_tu
54144	925	hoang_tuong
54145	926	hoat_dong
54146	927	hoc
54151	928	hoc_duong
54152	929	hoc_hanh
54153	930	hoc_hoi
54154	931	hoc_tap
54155	932	hoc_thuoc
54156	933	hoc_tro
54161	934	hoi
54162	935	hoi_han
54163	936	hoi_nghi
54164	937	hoi_nuoc
54165	938	hoi_tham
54166	939	hoi_tiec
54211	940	hoi_truong
54212	941	hoi_vien
54213	942	hon
54214	943	hon_nhan
54215	944	hong
54216	945	hop
54221	946	hop_bao
54222	947	hop_dong
54223	948	hop_phap
54224	949	hop_thu
54225	950	hop_xuong
54226	951	hu
54231	952	hu_hong
54232	953	huan_luyen
54233	954	hung
54234	955	hung_thu
54235	956	huong
54236	957	huong_dan
54241	958	huong_thom
54242	959	huong_thu
54243	960	huong_ung
54244	961	hut
54245	962	hut_thuoc
54246	963	huu
54251	964	huu_co
54252	965	huu_ich
54253	966	huy
54254	967	huy_bo
54255	968	huy_chuong
54256	969	huy_diet
54261	970	huy_hoai
54262	971	huyet_ap
54263	972	hy_sinh
54264	973	hy_vong
54265	974	ich
54266	975	ich_ky
54311	976	im
54312	977	im_lang
54313	978	in
54314	979	ke
54315	980	ke_hoach
54316	981	ke_thu
54321	982	ke_tiep
54322	983	kem
54323	984	kenh
54324	985	keo
54325	986	keo_dai
54326	987	ket
54331	988	ket_an
54332	989	ket_ban
54333	990	ket_hon
54334	991	ket_luan
54335	992	ket_noi
54336	993	ket_thuc
54341	994	keu_goi
54342	995	kha
54343	996	kha_nang
54344	997	kha_thi
54345	998	khac
54346	999	khac_biet
54351	1000	khac_nhau
54352	1001	khac_phuc
54353	1002	khac_thuong
54354	1003	khach_hang
54355	1004	khach_san
54356	1005	khai
54361	1006	khai_mac
54362	1007	khai_niem
54363	1008	kham_pha
54364	1009	khan
54365	1010	khan_cap
54366	1011	khan_gia
54411	1012	khan_truong
54412	1013	khang_dinh
54413	1014	khao
54414	1015	khat
54415	1016	khau_hieu
54416	1017	khau_trang
54421	1018	khen
54422	1019	khen_ngoi
54423	1020	kheo
54424	1021	khi
54425	1022	khi_hau
54426	1023	khia
54431	1024	khia_canh
54432	1025	khich
54433	1026	khiem_ton
54434	1027	khien
54435	1028	khiep
54436	1029	khieu
54441	1030	khieu_vu
54442	1031	khinh
54443	1032	khinh_thuong
54444	1033	kho
54445	1034	kho_bau
54446	1035	kho_chiu
54451	1036	kho_khan
54452	1037	khoa
54453	1038	khoa_hoc
54454	1039	khoac
54455	1040	khoai
54456	1041	khoai_tay
54461	1042	khoan
54462	1043	khoang
54463	1044	khoanh
54464	1045	khoanh_khac
54465	1046	khoc
54466	1047	khoe
54511	1048	khoe_manh
54512	1049	khoi
54513	1050	khoi_dong
54514	1051	khoi_hanh
54515	1052	khoi_to
54516	1053	khong_dam
54521	1054	khong_gian
54522	1055	khong_khi
54523	1056	khong_lo
54524	1057	khong_ngung
54525	1058	khop
54526	1059	khu
54531	1060	khu_vuc
54532	1061	khung
54533	1062	khung_bo
54534	1063	khung_hoang
54535	1064	khung_khiep
54536	1065	khung_long
54541	1066	khuon
54542	1067	khuon_mat
54543	1068	khuya
54544	1069	khuyen
54545	1070	khuyen_khich
54546	1071	khuyet
54551	1072	khuyet_diem
54552	1073	khuynh_huong
54553	1074	ki
54554	1075	ki_nang
54555	1076	ki_niem
54556	1077	kia
54561	1078	kich
54562	1079	kich_thuoc
54563	1080	kiem
54564	1081	kiem_che
54565	1082	kiem_soat
54566	1083	kiem_tra
54611	1084	kien
54612	1085	kien_nhan
54613	1086	kien_quyet
54614	1087	kien_thuc
54615	1088	kien_truc
54616	1089	kiep
54621	1090	kiet_suc
54622	1091	kiet_tac
54623	1092	kieu
54624	1093	kieu_cang
54625	1094	kieu_ngao
54626	1095	kim
54631	1096	kim_cuong
54632	1097	kinh_doanh
54633	1098	kinh_ngac
54634	1099	kinh_nghiem
54635	1100	kinh_te
54636	1101	kinh_trong
54641	1102	ky
54642	1103	ky_la
54643	1104	ky_lan
54644	1105	ky_nang
54645	1106	ky_niem
54646	1107	ky_su
54651	1108	ky_thuat
54652	1109	ky_uc
54653	1110	ky_vong
54654	1111	la
54655	1112	la_thuong
54656	1113	lac
54661	1114	lac_dau
54662	1115	lac_quan
54663	1116	lach
54664	1117	lai_xe
54665	1118	lam
54666	1119	lam_cho
55111	1120	lam_chu
55112	1121	lam_dung
55113	1122	lam_on
55114	1123	lam_phien
55115	1124	lam_quen
55116	1125	lam_tinh
55121	1126	lam_tro
55122	1127	lam_viec
55123	1128	lam_vuon
55124	1129	lan
55125	1130	lan_nhau
55126	1131	lan_truyen
55131	1132	lang
55132	1133	lang_gieng
55133	1134	lang_nghe
55134	1135	lang_phi
55135	1136	lang_thang
55136	1137	lanh
55141	1138	lanh_dao
55142	1139	lanh_manh
55143	1140	lanh_tho
55144	1141	lao
55145	1142	lao_dong
55146	1143	lap
55151	1144	lap_bap
55152	1145	lap_dat
55153	1146	lap_lai
55154	1147	lap_lanh
55155	1148	lap_rap
55156	1149	lap_trinh
55161	1150	lat
55162	1151	lau
55163	1152	lau_dai
55164	1153	lay
55165	1154	lay_lai
55166	1155	le
55211	1156	le_hoi
55212	1157	le_phai
55213	1158	lech
55214	1159	len
55215	1160	len_mat
55216	1161	lenh
55221	1162	leo
55222	1163	leu
55223	1164	li_do
55224	1165	lich
55225	1166	lich_su
55226	1167	lich_trinh
55231	1168	lien
55232	1169	lien_he
55233	1170	lien_ket
55234	1171	lien_lac
55235	1172	lien_quan
55236	1173	lien_tuc
55241	1174	lien_tuong
55242	1175	liet
55243	1176	lieu
55244	1177	linh
55245	1178	lo
55246	1179	lo_la
55251	1180	lo_lang
55252	1181	lo_nghi
55253	1182	lo_so
55254	1183	loa
55255	1184	loai
55256	1185	loai_nguoi
55261	1186	loan
55262	1187	loat
55263	1188	loc
55264	1189	loi
55265	1190	loi_dung
55266	1191	loi_hua
55311	1192	loi_ich
55312	1193	loi_khuyen
55313	1194	loi_nhuan
55314	1195	loi_noi
55315	1196	loi_thoi
55316	1197	lon
55321	1198	lon_tuoi
55322	1199	long
55323	1200	lot
55324	1201	lua
55325	1202	lua_chon
55326	1203	lua_dao
55331	1204	lua_mi
55332	1205	luat
55333	1206	luc
55334	1207	luc_luong
55335	1208	lui
55336	1209	lun
55341	1210	lung
55342	1211	luoc
55343	1212	luoi
55344	1213	luon
55345	1214	luong
55346	1215	luong_tam
55351	1216	luong_thien
55352	1217	luot
55353	1218	luot_song
55354	1219	lut
55355	1220	luu
55356	1221	luu_y
55361	1222	luyen
55362	1223	luyen_tap
55363	1224	ly_di
55364	1225	ly_do
55365	1226	ly_giai
55366	1227	ly_hon
55411	1228	ly_thu
55412	1229	ly_thuyet
55413	1230	ly_tri
55414	1231	ly_tuong
55415	1232	ma
55416	1233	ma_nguon
55421	1234	ma_tuy
55422	1235	mac
55423	1236	mach
55424	1237	mai
55425	1238	man
55426	1239	man_hinh
55431	1240	mang
55432	1241	mang_lai
55433	1242	manh
55434	1243	manh_me
55435	1244	mao
55436	1245	mao_hiem
55441	1246	mao_mach
55442	1247	map
55443	1248	mat
55444	1249	mat_ca
55445	1250	mat_cap
55446	1251	mat_dat
55451	1252	mat_hang
55452	1253	mat_mat
55453	1254	mat_na
55454	1255	mat_ngu
55455	1256	mat_nuoc
55456	1257	mat_ong
55461	1258	mau
55462	1259	mau_sac
55463	1260	mau_thuan
55464	1261	may
55465	1262	may_anh
55466	1263	may_chu
55511	1264	may_in
55512	1265	may_man
55513	1266	may_moc
55514	1267	may_suoi
55515	1268	may_tinh
55516	1269	me
55521	1270	mem
55522	1271	met
55523	1272	met_moi
55524	1273	mien
55525	1274	mien_cuong
55526	1275	mien_phi
55531	1276	mieng
55532	1277	mieu_ta
55533	1278	minh
55534	1279	mo
55535	1280	mo_hinh
55536	1281	mo_ho
55541	1282	mo_hoi
55542	1283	mo_mong
55543	1284	mo_rong
55544	1285	mo_ta
55545	1286	mo_uoc
55546	1287	moc
55551	1288	moc_tui
55552	1289	moi
55553	1290	moi_la
55554	1291	moi_me
55555	1292	moi_truong
55556	1293	mom
55561	1294	mon
55562	1295	mon_an
55563	1296	mon_hoc
55564	1297	mong
55565	1298	mong_cho
55566	1299	mong_doi
55611	1300	mong_muon
55612	1301	mot
55613	1302	mot_chut
55614	1303	mot_so
55615	1304	mot_vai
55616	1305	mu
55621	1306	mu_chu
55622	1307	mu_mau
55623	1308	mua
55624	1309	mua_dong
55625	1310	mua_he
55626	1311	mua_rao
55631	1312	mua_sam
55632	1313	mua_thu
55633	1314	mua_xuan
55634	1315	muc
55635	1316	muc_dich
55636	1317	muc_tieu
55641	1318	mui_ten
55642	1319	mung
55643	1320	muoi
55644	1321	muon
55645	1322	muu
55646	1323	nam
55651	1324	nam_cham
55652	1325	nam_gioi
55653	1326	nam_hoc
55654	1327	nam_nhuan
55655	1328	nam_xuong
55656	1329	nan
55661	1330	nang
55662	1331	nang_cao
55663	1332	nang_dong
55664	1333	nang_luc
55665	1334	nang_luong
55666	1335	nang_suat
56111	1336	nao
56112	1337	nap
56113	1338	nau
56114	1339	nau_an
56115	1340	nau_nuong
56116	1341	ne
56121	1342	ne_tranh
56122	1343	nem
56123	1344	nen
56124	1345	nen_tang
56125	1346	nep
56126	1347	net
56131	1348	nga_tu
56132	1349	ngac_nhien
56133	1350	ngai
56134	1351	ngam
56135	1352	ngam_nga
56136	1353	ngan
56141	1354	ngan_can
56142	1355	ngan_gon
56143	1356	ngan_hang
56144	1357	ngan_keo
56145	1358	ngan_nga
56146	1359	ngan_ngai
56151	1360	ngan_sach
56152	1361	ngang
56153	1362	nganh
56154	1363	ngao
56155	1364	ngap
56156	1365	ngat
56161	1366	ngau
56162	1367	ngay
56163	1368	ngay_le
56164	1369	ngay_sinh
56165	1370	ngay_tho
56166	1371	nghe
56211	1372	nghe_loi
56212	1373	nghe_noi
56213	1374	nghe_si
56214	1375	nghe_thuat
56215	1376	ngheo
56216	1377	nghi
56221	1378	nghi_ngo
56222	1379	nghi_ngoi
56223	1380	nghi_pham
56224	1381	nghi_viec
56225	1382	nghiem
56226	1383	nghiem_khac
56231	1384	nghiem_trong
56232	1385	nghiem_tuc
56233	1386	nghien
56234	1387	nghien_cuu
56235	1388	nghieng
56236	1389	nghiep
56241	1390	nghiep_vu
56242	1391	ngo
56243	1392	ngoai
56244	1393	ngoai_giao
56245	1394	ngoai_le
56246	1395	ngoai_ngu
56251	1396	ngoai_tinh
56252	1397	ngoan
56253	1398	ngoc_trai
56254	1399	ngoi
56255	1400	ngon
56256	1401	ngon_chan
56261	1402	ngon_ngu
56262	1403	ngon_tay
56263	1404	ngot
56264	1405	ngu
56265	1406	ngu_canh
56266	1407	ngu_coc
56311	1408	ngu_ngoc
56312	1409	ngu_phap
56313	1410	ngua
56314	1411	nguc
56315	1412	ngung
56316	1413	nguoc
56321	1414	nguoi
56322	1415	nguoi_la
56323	1416	nguoi_lon
56324	1417	nguoi_may
56325	1418	nguoi_quen
56326	1419	nguoi_ta
56331	1420	nguoi_yeu
56332	1421	nguon
56333	1422	nguon_goc
56334	1423	nguong
56335	1424	nguong_mo
56336	1425	nguy
56341	1426	nguy_co
56342	1427	nguyen_am
56343	1428	nguyen_lieu
56344	1429	nguyen_nhan
56345	1430	nguyen_to
56346	1431	nguyen_tu
56351	1432	nha
56352	1433	nha_bao
56353	1434	nha_bep
56354	1435	nha_cua
56355	1436	nha_ga
56356	1437	nha_hang
56361	1438	nha_hat
56362	1439	nha_kinh
56363	1440	nha_may
56364	1441	nha_nuoc
56365	1442	nha_si
56366	1443	nha_tho
56411	1444	nha_truong
56412	1445	nha_van
56413	1446	nhac
56414	1447	nhac_lai
56415	1448	nhai
56416	1449	nham
56421	1450	nham_chan
56422	1451	nham_mat
56423	1452	nhan
56424	1453	nhan_cach
56425	1454	nhan_dan
56426	1455	nhan_loai
56431	1456	nhan_manh
56432	1457	nhan_ra
56433	1458	nhan_tai
56434	1459	nhan_tao
56435	1460	nhan_thay
56436	1461	nhan_thuc
56441	1462	nhan_vat
56442	1463	nhan_vien
56443	1464	nhanh
56444	1465	nhanh_chong
56445	1466	nhao
56446	1467	nhap_khau
56451	1468	nhap_thanh
56452	1469	nhat
56453	1470	nhat_dinh
56454	1471	nhat_ky
56455	1472	nhat_tri
56456	1473	nhau
56461	1474	nhay
56462	1475	nhay_cam
56463	1476	nhay_day
56464	1477	nhay_mua
56465	1478	nhe_nhang
56466	1479	nhen
56511	1480	nhi
56512	1481	nhiem
56513	1482	nhiem_vu
56514	1483	nhiep_anh
56515	1484	nhiet
56516	1485	nhiet_do
56521	1486	nhiet_ke
56522	1487	nhiet_tinh
56523	1488	nhin
56524	1489	nhin_thay
56525	1490	nhip
56526	1491	nhip_dieu
56531	1492	nho
56532	1493	nho_nhat
56533	1494	nhoc
56534	1495	nhoi
56535	1496	nhom
56536	1497	nhot
56541	1498	nhu
56542	1499	nhu_cau
56543	1500	nhua
56544	1501	nhuc
56545	1502	nhuom
56546	1503	nhuong
56551	1504	niem
56552	1505	ninh
56553	1506	no
56554	1507	no_le
56555	1508	noi
56556	1509	noi_bat
56561	1510	noi_chuyen
56562	1511	noi_day
56563	1512	noi_doi
56564	1513	noi_dung
56565	1514	noi_gian
56566	1515	noi_nang
56611	1516	noi_quy
56612	1517	noi_tam
56613	1518	noi_thang
56614	1519	noi_that
56615	1520	noi_tieng
56616	1521	noi_tro
56621	1522	noi_xau
56622	1523	non
56623	1524	nong
56624	1525	nong_dan
56625	1526	nong_thon
56626	1527	nong_trai
56631	1528	nop
56632	1529	nu
56633	1530	nu_cuoi
56634	1531	nu_hoang
56635	1532	nua
56636	1533	nua_dem
56641	1534	nui
56642	1535	nuoc_bien
56643	1536	nuoc_mat
56644	1537	nuoc_ngoai
56645	1538	nuoc_ngot
56646	1539	nuoi
56651	1540	nuoi_duong
56652	1541	nut
56653	1542	o_chuot
56654	1543	o_khong
56655	1544	o_lai
56656	1545	o_nhiem
56661	1546	o_to
56662	1547	oan
56663	1548	oc
56664	1549	oi
56665	1550	om
56666	1551	on
61111	1552	on_dinh
61112	1553	on_tap
61113	1554	ong
61114	1555	ong_chu
61115	1556	ong_cu
61116	1557	pha
61121	1558	pha_huy
61122	1559	pha_san
61123	1560	phac
61124	1561	phai
61125	1562	pham
61126	1563	pham_chat
61131	1564	pham_phap
61132	1565	phan
61133	1566	phan_biet
61134	1567	phan_boi
61135	1568	phan_chieu
61136	1569	phan_doi
61141	1570	phan_khich
61142	1571	phan_mem
61143	1572	phan_nan
61144	1573	phan_phoi
61145	1574	phan_thuong
61146	1575	phan_ung
61151	1576	phan_xet
61152	1577	phang
61153	1578	phanh
61154	1579	phao
61155	1580	phao_hoa
61156	1581	phap_luat
61161	1582	phat
61162	1583	phat_am
61163	1584	phat_bieu
61164	1585	phat_dien
61165	1586	phat_hanh
61166	1587	phat_hien
61211	1588	phat_huy
61212	1589	phat_minh
61213	1590	phat_song
61214	1591	phat_thanh
61215	1592	phat_trien
61216	1593	phau_thuat
61221	1594	phe_binh
61222	1595	phi
61223	1596	phi_cong
61224	1597	phia
61225	1598	phien
61226	1599	phien_ban
61231	1600	phien_dich
61232	1601	phien_phuc
61233	1602	phieu
61234	1603	phim
61235	1604	pho
61236	1605	pho_bien
61241	1606	pho_mai
61242	1607	pho_mat
61243	1608	pho_thong
61244	1609	phoi
61245	1610	phoi_bay
61246	1611	phong
61251	1612	phong_an
61252	1613	phong_cach
61253	1614	phong_canh
61254	1615	phong_chong
61255	1616	phong_ngu
61256	1617	phong_tam
61261	1618	phong_toa
61262	1619	phong_tuc
61263	1620	phong_van
61264	1621	phong_ve
61265	1622	phong_vien
61266	1623	phu
61311	1624	phu_am
61312	1625	phu_hop
61313	1626	phu_nhan
61314	1627	phu_nu
61315	1628	phu_thuoc
61316	1629	phu_trach
61321	1630	phuc
61322	1631	phuc_loi
61323	1632	phuc_tap
61324	1633	phuc_vu
61325	1634	phun
61326	1635	phuong_an
61331	1636	phuong_phap
61332	1637	phuong_tien
61333	1638	phut
61334	1639	pin
61335	1640	qua
61336	1641	qua_dang
61341	1642	qua_doi
61342	1643	qua_khu
61343	1644	qua_trinh
61344	1645	quai_vat
61345	1646	quan
61346	1647	quan_ao
61351	1648	quan_diem
61352	1649	quan_doi
61353	1650	quan_ly
61354	1651	quan_sat
61355	1652	quan_tam
61356	1653	quan_trong
61361	1654	quan_vot
61362	1655	quang
61363	1656	quang_canh
61364	1657	quang_cao
61365	1658	quanh
61366	1659	quay
61411	1660	quay_lai
61412	1661	que
61413	1662	quen
61414	1663	quen_biet
61415	1664	quen_thuoc
61416	1665	quet
61421	1666	quoc_hoi
61422	1667	quoc_te
61423	1668	quoc_tich
61424	1669	quy
61425	1670	quy_dao
61426	1671	quy_dinh
61431	1672	quy_gia
61432	1673	quy_luat
61433	1674	quy_phai
61434	1675	quy_tac
61435	1676	quyen
61436	1677	quyen_gop
61441	1678	quyen_loi
61442	1679	quyen_ru
61443	1680	quyet_dinh
61444	1681	quyet_doan
61445	1682	quyet_liet
61446	1683	quyet_tam
61451	1684	ra
61452	1685	ra_di
61453	1686	ra_hieu
61454	1687	ra_roi
61455	1688	ra_ve
61456	1689	rac
61461	1690	rac_roi
61462	1691	rach
61463	1692	ran
61464	1693	rang
61465	1694	ranh
61466	1695	ranh_roi
61511	1696	rao
61512	1697	rap
61513	1698	rau
61514	1699	re_tien
61515	1700	ren
61516	1701	ren_luyen
61521	1702	ren_ri
61522	1703	ri
61523	1704	rieng
61524	1705	rieng_tu
61525	1706	ro
61526	1707	ro_rang
61531	1708	ro_ret
61532	1709	robot
61533	1710	roi
61534	1711	ron
61535	1712	rong
61536	1713	rong_lon
61541	1714	rot
61542	1715	rua
61543	1716	rua_tien
61544	1717	rui
61545	1718	rui_ro
61546	1719	run
61551	1720	rung
61552	1721	ruoi
61553	1722	ruong
61554	1723	ruot
61555	1724	ruou
61556	1725	ruou_nho
61561	1726	ruou_vang
61562	1727	rut_lui
61563	1728	sa
61564	1729	sa_mac
61565	1730	sa_thai
61566	1731	sac_dep
61611	1732	sach
61612	1733	sach_bao
61613	1734	sach_se
61614	1735	sach_vo
61615	1736	sai
61616	1737	sai_lam
61621	1738	sai_sot
61622	1739	sam
61623	1740	san
61624	1741	san_bay
61625	1742	san_choi
61626	1743	san_long
61631	1744	san_nha
61632	1745	san_pham
61633	1746	san_sang
61634	1747	san_xuat
61635	1748	sang
61636	1749	sang_kien
61641	1750	sang_som
61642	1751	sang_tao
61643	1752	sanh
61644	1753	sao
61645	1754	sao_bang
61646	1755	sap
61651	1756	sap_xep
61652	1757	sat
61653	1758	sat_hai
61654	1759	sau
61655	1760	sau_sac
61656	1761	say_ruou
61661	1762	se
61662	1763	sep
61663	1764	set
61664	1765	si_quan
61665	1766	sieu_thi
61666	1767	sinh_doi
62111	1768	sinh_hoc
62112	1769	sinh_nhat
62113	1770	sinh_ra
62114	1771	sinh_song
62115	1772	sinh_vat
62116	1773	sinh_vien
62121	1774	so
62122	1775	so_hai
62123	1776	so_hoc
62124	1777	so_huu
62125	1778	so_luong
62126	1779	so_mi
62131	1780	so_nguyen
62132	1781	so_phan
62133	1782	so_sanh
62134	1783	so_thich
62135	1784	so_thu
62136	1785	soan
62141	1786	soat
62142	1787	soc
62143	1788	soi
62144	1789	song
62145	1790	song_sot
62146	1791	sot
62151	1792	su
62152	1793	su_co
62153	1794	su_dung
62154	1795	su_kien
62155	1796	su_nghiep
62156	1797	su_that
62161	1798	su_vat
62162	1799	su_viec
62163	1800	sua_chua
62164	1801	suat
62165	1802	suc
62166	1803	suc_khoe
62211	1804	suc_manh
62212	1805	sung
62213	1806	sung_suong
62214	1807	suoi
62215	1808	suong
62216	1809	suot
62221	1810	sup
62222	1811	sup_do
62223	1812	sut
62224	1813	suu_tam
62225	1814	suu_tap
62226	1815	suy
62231	1816	suy_nghi
62232	1817	ta
62233	1818	tac
62234	1819	tac_dung
62235	1820	tac_gia
62236	1821	tac_pham
62241	1822	tac_xi
62242	1823	tach
62243	1824	tach_roi
62244	1825	tai
62245	1826	tai_chinh
62246	1827	tai_cho
62251	1828	tai_khoan
62252	1829	tai_lieu
62253	1830	tai_nan
62254	1831	tai_nang
62255	1832	tai_nghe
62256	1833	tai_nguyen
62261	1834	tai_san
62262	1835	tai_tro
62263	1836	tai_xuong
62264	1837	tam
62265	1838	tam_giac
62266	1839	tam_hon
62311	1840	tam_nhin
62312	1841	tam_thoi
62313	1842	tam_tri
62314	1843	tan
62315	1844	tan_cong
62316	1845	tan_dung
62321	1846	tan_huong
62322	1847	tan_nat
62323	1848	tan_nhan
62324	1849	tan_pha
62325	1850	tan_thanh
62326	1851	tan_tinh
62331	1852	tang
62332	1853	tang_cuong
62333	1854	tao_hoa
62334	1855	tao_thanh
62335	1856	tap
62336	1857	tap_chi
62341	1858	tap_hop
62342	1859	tap_quan
62343	1860	tap_the
62344	1861	tap_trung
62345	1862	tat
62346	1863	tau_dien
62351	1864	tau_hoa
62352	1865	tay
62353	1866	tay_ao
62354	1867	te
62355	1868	te_bao
62356	1869	ten_lua
62361	1870	tha
62362	1871	tha_thu
62363	1872	thac_mac
62364	1873	thach
62365	1874	thach_thuc
62366	1875	thai
62411	1876	thai_do
62412	1877	tham
62413	1878	tham_du
62414	1879	tham_gia
62415	1880	tham_hoa
62416	1881	tham_hut
62421	1882	tham_phan
62422	1883	tham_quan
62423	1884	tham_vong
62424	1885	than
62425	1886	than_hinh
62426	1887	than_linh
62431	1888	than_minh
62432	1889	than_phien
62433	1890	than_the
62434	1891	than_thien
62435	1892	than_thiet
62436	1893	than_thoai
62441	1894	than_trong
62442	1895	thang
62443	1896	thang_loi
62444	1897	thang_may
62445	1898	thang_than
62446	1899	thanh
62451	1900	thanh_cong
62452	1901	thanh_lap
62453	1902	thanh_nien
62454	1903	thanh_thao
62455	1904	thanh_that
62456	1905	thanh_tich
62461	1906	thanh_toan
62462	1907	thanh_tuu
62463	1908	thanh_vien
62464	1909	thao
62465	1910	thao_luan
62466	1911	thao_tac
62511	1912	thap
62512	1913	that
62513	1914	that_bai
62514	1915	that_long
62515	1916	that_lung
62516	1917	that_nghiep
62521	1918	that_tha
62522	1919	that_vong
62523	1920	thau
62524	1921	thay
62525	1922	thay_doi
62526	1923	thay_giao
62531	1924	thay_the
62532	1925	thay_thuoc
62533	1926	the
62534	1927	the_gioi
62535	1928	the_he
62536	1929	the_hien
62541	1930	the_ky
62542	1931	the_luc
62543	1932	the_thao
62544	1933	them
62545	1934	theo
62546	1935	theo_doi
62551	1936	theo_duoi
62552	1937	thi
62553	1938	thi_chinh
62554	1939	thi_gio
62555	1940	thi_nghiem
62556	1941	thi_tham
62561	1942	thi_thuc
62562	1943	thi_tran
62563	1944	thi_truong
62564	1945	thich_hop
62565	1946	thich_nghi
62566	1947	thich_thu
62611	1948	thien
62612	1949	thien_nhien
62613	1950	thien_tai
62614	1951	thien_than
62615	1952	thien_van
62616	1953	thieng
62621	1954	thiep
62622	1955	thiet
62623	1956	thiet_bi
62624	1957	thiet_hai
62625	1958	thiet_ke
62626	1959	thiet_mang
62631	1960	thieu
62632	1961	thinh_giac
62633	1962	thit
62634	1963	tho
62635	1964	tho_au
62636	1965	tho_dai
62641	1966	tho_lo
62642	1967	thoa
62643	1968	thoa_man
62644	1969	thoa_thich
62645	1970	thoa_thuan
62646	1971	thoai
62651	1972	thoai_mai
62652	1973	thoang
62653	1974	thoat
62654	1975	thoi
62655	1976	thoi_dai
62656	1977	thoi_diem
62661	1978	thoi_gian
62662	1979	thoi_ky
62663	1980	thoi_quen
62664	1981	thoi_tiet
62665	1982	thoi_trang
62666	1983	thon
63111	1984	thong
63112	1985	thong_bao
63113	1986	thong_dich
63114	1987	thong_diep
63115	1988	thong_ke
63116	1989	thong_minh
63121	1990	thong_qua
63122	1991	thong_thao
63123	1992	thong_thuong
63124	1993	thong_tin
63125	1994	thu
63126	1995	thu_cong
63131	1996	thu_do
63132	1997	thu_hoach
63133	1998	thu_hut
63134	1999	thu_ky
63135	2000	thu_nhan
63136	2001	thu_nhap
63141	2002	thu_phap
63142	2003	thu_thach
63143	2004	thu_thap
63144	2005	thu_truong
63145	2006	thu_tu
63146	2007	thu_tuc
63151	2008	thu_tuong
63152	2009	thu_vi
63153	2010	thu_vien
63154	2011	thu_vui
63155	2012	thu_xep
63156	2013	thua
63161	2014	thua_ke
63162	2015	thua_nhan
63163	2016	thuan
63164	2017	thuan_loi
63165	2018	thuc
63166	2019	thuc_an
63211	2020	thuc_day
63212	2021	thuc_giac
63213	2022	thuc_hien
63214	2023	thuc_pham
63215	2024	thuc_tai
63216	2025	thuc_te
63221	2026	thuc_thi
63222	2027	thuc_tien
63223	2028	thuc_uong
63224	2029	thuc_vat
63225	2030	thue
63226	2031	thung
63231	2032	thung_lung
63232	2033	thuoc
63233	2034	thuoc_dia
63234	2035	thuoc_la
63235	2036	thuong
63236	2037	thuong_hai
63241	2038	thuong_mai
63242	2039	thuong_thuc
63243	2040	thuong_tiec
63244	2041	thuong_xuyen
63245	2042	thuyen_truong
63246	2043	thuyet
63251	2044	thuyet_phuc
63252	2045	thuyet_trinh
63253	2046	ti_nan
63254	2047	tia
63255	2048	tich
63256	2049	tich_cuc
63261	2050	tiec
63262	2051	tiem
63263	2052	tien
63264	2053	tien_bac
63265	2054	tien_bo
63266	2055	tien_cua
63311	2056	tien_doan
63312	2057	tien_hanh
63313	2058	tien_le
63314	2059	tien_luong
63315	2060	tien_mat
63316	2061	tien_tri
63321	2062	tien_trien
63322	2063	tieng
63323	2064	tieng_dong
63324	2065	tieng_noi
63325	2066	tieng_on
63326	2067	tiep
63331	2068	tiep_theo
63332	2069	tiep_tuc
63333	2070	tiep_xuc
63334	2071	tiet_kiem
63335	2072	tiet_lo
63336	2073	tieu
63341	2074	tieu_chuan
63342	2075	tieu_thu
63343	2076	tieu_thuyet
63344	2077	tim
63345	2078	tim_hieu
63346	2079	tim_kiem
63351	2080	tim_thay
63352	2081	tin
63353	2082	tin_cay
63354	2083	tin_don
63355	2084	tin_dung
63356	2085	tin_hieu
63361	2086	tin_nhan
63362	2087	tin_tuc
63363	2088	tin_tuong
63364	2089	tinh
63365	2090	tinh_ban
63366	2091	tinh_cach
63411	2092	tinh_cam
63412	2093	tinh_co
63413	2094	tinh_day
63414	2095	tinh_duc
63415	2096	tinh_hinh
63416	2097	tinh_huong
63421	2098	tinh_mach
63422	2099	tinh_nguyen
63423	2100	tinh_tao
63424	2101	tinh_te
63425	2102	tinh_than
63426	2103	tinh_the
63431	2104	tinh_toan
63432	2105	tinh_trang
63433	2106	tinh_yeu
63434	2107	to
63435	2108	to_chuc
63436	2109	to_lon
63441	2110	to_mo
63442	2111	to_ra
63443	2112	toa
63444	2113	toa_an
63445	2114	toa_sang
63446	2115	toan
63451	2116	toan_bo
63452	2117	toan_cau
63453	2118	toan_hoc
63454	2119	toan_quoc
63455	2120	toc
63456	2121	toc_do
63461	2122	toi
63462	2123	toi_da
63463	2124	toi_pham
63464	2125	toi_te
63465	2126	toi_thieu
63466	2127	tom
63511	2128	ton
63512	2129	ton_kem
63513	2130	ton_tai
63514	2131	ton_tho
63515	2132	ton_thuong
63516	2133	ton_trong
63521	2134	tong_cong
63522	2135	tong_hop
63523	2136	tot_bung
63524	2137	tot_dep
63525	2138	tot_nghiep
63526	2139	tra
63531	2140	tra_gia
63532	2141	tra_lai
63533	2142	tra_loi
63534	2143	tra_thu
63535	2144	trac
63536	2145	trach
63541	2146	trach_nhiem
63542	2147	trai
63543	2148	trai_cay
63544	2149	trai_nghiem
63545	2150	trai_nguoc
63546	2151	trai_qua
63551	2152	tram
63552	2153	tram_nam
63553	2154	tram_trong
63554	2155	tran
63555	2156	tran_an
63556	2157	tran_ngap
63561	2158	tran_trong
63562	2159	trang
63563	2160	trang_diem
63564	2161	trang_mieng
63565	2162	trang_suc
63566	2163	trang_thai
63611	2164	trang_trai
63612	2165	trang_tri
63613	2166	trang_tron
63614	2167	trang_web
63615	2168	tranh
63616	2169	tranh_cai
63621	2170	tranh_luan
63622	2171	trao
63623	2172	trao_doi
63624	2173	trat_tu
63625	2174	tre
63626	2175	tre_con
63631	2176	tre_em
63632	2177	tre_trung
63633	2178	tren
63634	2179	treo
63635	2180	treu
63636	2181	tri_hoan
63641	2182	tri_nho
63642	2183	tri_tue
63643	2184	trich_dan
63644	2185	trien_lam
63645	2186	triet_hoc
63646	2187	trieu_chung
63651	2188	trinh
63652	2189	trinh_bay
63653	2190	trinh_cam
63654	2191	trinh_tham
63655	2192	tro
63656	2193	tro_choi
63661	2194	tro_chuyen
63662	2195	tro_giup
63663	2196	tro_lai
63664	2197	tro_ly
63665	2198	tro_nen
63666	2199	tro_ngai
64111	2200	tro_thanh
64112	2201	tro_ve
64113	2202	troi
64114	2203	troi_chay
64115	2204	troi_dat
64116	2205	tron
64121	2206	trong
64122	2207	trong_cay
64123	2208	trong_dai
64124	2209	trong_suot
64125	2210	trong_thay
64126	2211	tru
64131	2212	trua
64132	2213	truc
64133	2214	truc_giac
64134	2215	truc_tiep
64135	2216	truc_trac
64136	2217	trum
64141	2218	trung
64142	2219	trung_bay
64143	2220	trung_hoc
64144	2221	trung_phat
64145	2222	trung_tam
64146	2223	trung_uong
64151	2224	truoc_mat
64152	2225	truong
64153	2226	truong_hop
64154	2227	truong_thanh
64155	2228	truot
64156	2229	truot_bang
64161	2230	truot_tuyet
64162	2231	trut
64163	2232	truy
64164	2233	truy_cap
64165	2234	truyen
64166	2235	truyen_dat
64211	2236	truyen_thong
64212	2237	truyen_tranh
64213	2238	tu
64214	2239	tu_bo
64215	2240	tu_cach
64216	2241	tu_choi
64221	2242	tu_chuc
64222	2243	tu_dien
64223	2244	tu_do
64224	2245	tu_dong
64225	2246	tu_duy
64226	2247	tu_hao
64231	2248	tu_hinh
64232	2249	tu_lanh
64233	2250	tu_ngu
64234	2251	tu_sat
64235	2252	tu_te
64236	2253	tu_thien
64241	2254	tu_tin
64242	2255	tu_tu
64243	2256	tu_tuong
64244	2257	tu_ve
64245	2258	tu_vong
64246	2259	tuan
64251	2260	tuan_hoan
64252	2261	tuc
64253	2262	tuc_gian
64254	2263	tuc_la
64255	2264	tui
64256	2265	tui_xach
64261	2266	tung
64262	2267	tung_trai
64263	2268	tuoi
64264	2269	tuoi_tac
64265	2270	tuoi_tho
64266	2271	tuong
64311	2272	tuong_doi
64312	2273	tuong_duong
64313	2274	tuong_lai
64314	2275	tuong_thich
64315	2276	tuong_tu
64316	2277	tuong_tuong
64321	2278	tuong_ung
64322	2279	tuyen
64323	2280	tuyen_bo
64324	2281	tuyet
64325	2282	tuyet_chung
64326	2283	tuyet_doi
64331	2284	tuyet_voi
64332	2285	tuyet_vong
64333	2286	ty_le
64334	2287	ua
64335	2288	ua_thich
64336	2289	ui
64341	2290	ung
64342	2291	ung_cu
64343	2292	ung_dung
64344	2293	ung_ho
64345	2294	ung_thu
64346	2295	ung_xu
64351	2296	uoc_mo
64352	2297	uoc_tinh
64353	2298	uong
64354	2299	uot
64355	2300	uu_dai
64356	2301	uy
64361	2302	va
64362	2303	va_li
64363	2304	vac
64364	2305	vai
64365	2306	vai_tro
64366	2307	van
64411	2308	van_ban
64412	2309	van_chuyen
64413	2310	van_de
64414	2311	van_dong
64415	2312	van_hanh
64416	2313	van_phong
64421	2314	vang
64422	2315	vang_mat
64423	2316	vao
64424	2317	vat
64425	2318	vat_chat
64426	2319	vat_ly
64431	2320	vat_the
64432	2321	vat_va
64433	2322	vay
64434	2323	ve
64435	2324	ve_sinh
64436	2325	ve_so
64441	2326	ve_tinh
64442	2327	ven_bien
64443	2328	vet
64444	2329	vet_thuong
64445	2330	vi_dai
64446	2331	vi_du
64451	2332	vi_pham
64452	2333	vi_tri
64453	2334	viec
64454	2335	viec_gi
64455	2336	viec_lam
64456	2337	viem
64461	2338	viet
64462	2339	viet_lach
64463	2340	viet_tat
64464	2341	vinh
64465	2342	vinh_du
64466	2343	vit
64511	2344	vo
64512	2345	vo_chong
64513	2346	vo_cung
64514	2347	vo_dung
64515	2348	vo_gia
64516	2349	vo_han
64521	2350	vo_ich
64522	2351	vo_nghia
64523	2352	vo_phuong
64524	2353	vo_so
64525	2354	vo_tan
64526	2355	vo_tay
64531	2356	vo_than
64532	2357	vo_tinh
64533	2358	vo_toi
64534	2359	voi
64535	2360	voi_vang
64536	2361	von
64541	2362	vot
64542	2363	vu
64543	2364	vu_khi
64544	2365	vu_tru
64545	2366	vu_viec
64546	2367	vua
64551	2368	vua_long
64552	2369	vuc
64553	2370	vui_choi
64554	2371	vui_long
64555	2372	vui_mung
64556	2373	vui_suong
64561	2374	vui_ve
64562	2375	vung
64563	2376	vuon
64564	2377	vuong
64565	2378	vuong_quoc
64566	2379	vuot
64611	2380	vuot_qua
64612	2381	vut
64613	2382	xa
64614	2383	xa_la
64615	2384	xa_phong
64616	2385	xa_xoi
64621	2386	xac
64622	2387	xac_dinh
64623	2388	xac_nhan
64624	2389	xach
64625	2390	xai
64626	2391	xam
64631	2392	xam_pham
64632	2393	xan
64633	2394	xanh_duong
64634	2395	xau
64635	2396	xau_ho
64636	2397	xau_xi
64641	2398	xay
64642	2399	xay_dung
64643	2400	xe
64644	2401	xe_buyt
64645	2402	xe_dap
64646	2403	xe_dien
64651	2404	xe_hoi
64652	2405	xe_lua
64653	2406	xe_may
64654	2407	xe_tai
64655	2408	xem
64656	2409	xem_thuong
64661	2410	xem_xet
64662	2411	xep
64663	2412	xep_hang
64664	2413	xi
64665	2414	xi_ga
64666	2415	xich
65111	2416	xin
65112	2417	xin_loi
65113	2418	xinh
65114	2419	xinh_dep
65115	2420	xinh_xan
65116	2421	xo
65121	2422	xoa
65122	2423	xoay
65123	2424	xoi
65124	2425	xom
65125	2426	xong
65126	2427	xot
65131	2428	xu
65132	2429	xu_huong
65133	2430	xu_ly
65134	2431	xua
65135	2432	xuat_ban
65136	2433	xuat_chung
65141	2434	xuat_hien
65142	2435	xuat_phat
65143	2436	xuat_sac
65144	2437	xuat_than
65145	2438	xuat_tinh
65146	2439	xuc
65151	2440	xuc_pham
65152	2441	xung
65153	2442	xung_dang
65154	2443	xung_dot
65155	2444	xung_quanh
65156	2445	xuong
65161	2446	y_chi
65162	2447	y_dinh
65163	2448	y_do
65164	2449	y_het
65165	2450	y_kien
65166	2451	y_nghi
65211	2452	y_nghia
65212	2453	y_te
65213	2454	y_tu
65214	2455	y_tuong
65215	2456	yen_lang
65216	2457	yeu
65221	2458	yeu_cau
65222	2459	yeu_duoi
65223	2460	yeu_quy
65224	2461	yeu_thich
65225	2462	yeu_thuong
65226	2463	yeu_to
65231	-	REJECT
65232	-	REJECT
65233	-	REJECT
65234	-	REJECT
65235	-	REJECT
65236	-	REJECT
65241	-	REJECT
65242	-	REJECT
65243	-	REJECT
65244	-	REJECT
65245	-	REJECT
65246	-	REJECT
65251	-	REJECT
65252	-	REJECT
65253	-	REJECT
65254	-	REJECT
65255	-	REJECT
65256	-	REJECT
65261	-	REJECT
65262	-	REJECT
65263	-	REJECT
65264	-	REJECT
65265	-	REJECT
65266	-	REJECT
65311	-	REJECT
65312	-	REJECT
65313	-	REJECT
65314	-	REJECT
65315	-	REJECT
65316	-	REJECT
65321	-	REJECT
65322	-	REJECT
65323	-	REJECT
65324	-	REJECT
65325	-	REJECT
65326	-	REJECT
65331	-	REJECT
65332	-	REJECT
65333	-	REJECT
65334	-	REJECT
65335	-	REJECT
65336	-	REJECT
65341	-	REJECT
65342	-	REJECT
65343	-	REJECT
65344	-	REJECT
65345	-	REJECT
65346	-	REJECT
65351	-	REJECT
65352	-	REJECT
65353	-	REJECT
65354	-	REJECT
65355	-	REJECT
65356	-	REJECT
65361	-	REJECT
65362	-	REJECT
65363	-	REJECT
65364	-	REJECT
65365	-	REJECT
65366	-	REJECT
65411	-	REJECT
65412	-	REJECT
65413	-	REJECT
65414	-	REJECT
65415	-	REJECT
65416	-	REJECT
65421	-	REJECT
65422	-	REJECT
65423	-	REJECT
65424	-	REJECT
65425	-	REJECT
65426	-	REJECT
65431	-	REJECT
65432	-	REJECT
65433	-	REJECT
65434	-	REJECT
65435	-	REJECT
65436	-	REJECT
65441	-	REJECT
65442	-	REJECT
65443	-	REJECT
65444	-	REJECT
65445	-	REJECT
65446	-	REJECT
65451	-	REJECT
65452	-	REJECT
65453	-	REJECT
65454	-	REJECT
65455	-	REJECT
65456	-	REJECT
65461	-	REJECT
65462	-	REJECT
65463	-	REJECT
65464	-	REJECT
65465	-	REJECT
65466	-	REJECT
65511	-	REJECT
65512	-	REJECT
65513	-	REJECT
65514	-	REJECT
65515	-	REJECT
65516	-	REJECT
65521	-	REJECT
65522	-	REJECT
65523	-	REJECT
65524	-	REJECT
65525	-	REJECT
65526	-	REJECT
65531	-	REJECT
65532	-	REJECT
65533	-	REJECT
65534	-	REJECT
65535	-	REJECT
65536	-	REJECT
65541	-	REJECT
65542	-	REJECT
65543	-	REJECT
65544	-	REJECT
65545	-	REJECT
65546	-	REJECT
65551	-	REJECT
65552	-	REJECT
65553	-	REJECT
65554	-	REJECT
65555	-	REJECT
65556	-	REJECT
65561	-	REJECT
65562	-	REJECT
65563	-	REJECT
65564	-	REJECT
65565	-	REJECT
65566	-	REJECT
65611	-	REJECT
65612	-	REJECT
65613	-	REJECT
65614	-	REJECT
65615	-	REJECT
65616	-	REJECT
65621	-	REJECT
65622	-	REJECT
65623	-	REJECT
65624	-	REJECT
65625	-	REJECT
65626	-	REJECT
65631	-	REJECT
65632	-	REJECT
65633	-	REJECT
65634	-	REJECT
65635	-	REJECT
65636	-	REJECT
65641	-	REJECT
65642	-	REJECT
65643	-	REJECT
65644	-	REJECT
65645	-	REJECT
65646	-	REJECT
65651	-	REJECT
65652	-	REJECT
65653	-	REJECT
65654	-	REJECT
65655	-	REJECT
65656	-	REJECT
65661	-	REJECT
65662	-	REJECT
65663	-	REJECT
65664	-	REJECT
65665	-	REJECT
65666	-	REJECT
66111	-	REJECT
66112	-	REJECT
66113	-	REJECT
66114	-	REJECT
66115	-	REJECT
66116	-	REJECT
66121	-	REJECT
66122	-	REJECT
66123	-	REJECT
66124	-	REJECT
66125	-	REJECT
66126	-	REJECT
66131	-	REJECT
66132	-	REJECT
66133	-	REJECT
66134	-	REJECT
66135	-	REJECT
66136	-	REJECT
66141	-	REJECT
66142	-	REJECT
66143	-	REJECT
66144	-	REJECT
66145	-	REJECT
66146	-	REJECT
66151	-	REJECT
66152	-	REJECT
66153	-	REJECT
66154	-	REJECT
66155	-	REJECT
66156	-	REJECT
66161	-	REJECT
66162	-	REJECT
66163	-	REJECT
66164	-	REJECT
66165	-	REJECT
66166	-	REJECT
66211	-	REJECT
66212	-	REJECT
66213	-	REJECT
66214	-	REJECT
66215	-	REJECT
66216	-	REJECT
66221	-	REJECT
66222	-	REJECT
66223	-	REJECT
66224	-	REJECT
66225	-	REJECT
66226	-	REJECT
66231	-	REJECT
66232	-	REJECT
66233	-	REJECT
66234	-	REJECT
66235	-	REJECT
66236	-	REJECT
66241	-	REJECT
66242	-	REJECT
66243	-	REJECT
66244	-	REJECT
66245	-	REJECT
66246	-	REJECT
66251	-	REJECT
66252	-	REJECT
66253	-	REJECT
66254	-	REJECT
66255	-	REJECT
66256	-	REJECT
66261	-	REJECT
66262	-	REJECT
66263	-	REJECT
66264	-	REJECT
66265	-	REJECT
66266	-	REJECT
66311	-	REJECT
66312	-	REJECT
66313	-	REJECT
66314	-	REJECT
66315	-	REJECT
66316	-	REJECT
66321	-	REJECT
66322	-	REJECT
66323	-	REJECT
66324	-	REJECT
66325	-	REJECT
66326	-	REJECT
66331	-	REJECT
66332	-	REJECT
66333	-	REJECT
66334	-	REJECT
66335	-	REJECT
66336	-	REJECT
66341	-	REJECT
66342	-	REJECT
66343	-	REJECT
66344	-	REJECT
66345	-	REJECT
66346	-	REJECT
66351	-	REJECT
66352	-	REJECT
66353	-	REJECT
66354	-	REJECT
66355	-	REJECT
66356	-	REJECT
66361	-	REJECT
66362	-	REJECT
66363	-	REJECT
66364	-	REJECT
66365	-	REJECT
66366	-	REJECT
66411	-	REJECT
66412	-	REJECT
66413	-	REJECT
66414	-	REJECT
66415	-	REJECT
66416	-	REJECT
66421	-	REJECT
66422	-	REJECT
66423	-	REJECT
66424	-	REJECT
66425	-	REJECT
66426	-	REJECT
66431	-	REJECT
66432	-	REJECT
66433	-	REJECT
66434	-	REJECT
66435	-	REJECT
66436	-	REJECT
66441	-	REJECT
66442	-	REJECT
66443	-	REJECT
66444	-	REJECT
66445	-	REJECT
66446	-	REJECT
66451	-	REJECT
66452	-	REJECT
66453	-	REJECT
66454	-	REJECT
66455	-	REJECT
66456	-	REJECT
66461	-	REJECT
66462	-	REJECT
66463	-	REJECT
66464	-	REJECT
66465	-	REJECT
66466	-	REJECT
66511	-	REJECT
66512	-	REJECT
66513	-	REJECT
66514	-	REJECT
66515	-	REJECT
66516	-	REJECT
66521	-	REJECT
66522	-	REJECT
66523	-	REJECT
66524	-	REJECT
66525	-	REJECT
66526	-	REJECT
66531	-	REJECT
66532	-	REJECT
66533	-	REJECT
66534	-	REJECT
66535	-	REJECT
66536	-	REJECT
66541	-	REJECT
66542	-	REJECT
66543	-	REJECT
66544	-	REJECT
66545	-	REJECT
66546	-	REJECT
66551	-	REJECT
66552	-	REJECT
66553	-	REJECT
66554	-	REJECT
66555	-	REJECT
66556	-	REJECT
66561	-	REJECT
66562	-	REJECT
66563	-	REJECT
66564	-	REJECT
66565	-	REJECT
66566	-	REJECT
66611	-	REJECT
66612	-	REJECT
66613	-	REJECT
66614	-	REJECT
66615	-	REJECT
66616	-	REJECT
66621	-	REJECT
66622	-	REJECT
66623	-	REJECT
66624	-	REJECT
66625	-	REJECT
66626	-	REJECT
66631	-	REJECT
66632	-	REJECT
66633	-	REJECT
66634	-	REJECT
66635	-	REJECT
66636	-	REJECT
66641	-	REJECT
66642	-	REJECT
66643	-	REJECT
66644	-	REJECT
66645	-	REJECT
66646	-	REJECT
66651	-	REJECT
66652	-	REJECT
66653	-	REJECT
66654	-	REJECT
66655	-	REJECT
66656	-	REJECT
66661	-	REJECT
66662	-	REJECT
66663	-	REJECT
66664	-	REJECT
66665	-	REJECT
66666	-	REJECT
