rolls	index	token
11111	0	album
11112	1	an_ninh
11113	2	an_toàn
11114	3	an_ủi
11115	4	anh_em
11116	5	anh_hùng
11121	6	ao
11122	7	ba
11123	8	ban_ngày
11124	9	ban_đêm
11125	10	ban_đầu
11126	11	banh
11131	12	bao_gồm
11132	13	bao_phủ
11133	14	bao_quanh
11134	15	bay
11135	16	be
11136	17	bi_quan
11141	18	bia
11142	19	binh
11143	20	biên_dịch
11144	21	biến_mất
11145	22	biến_đổi
11146	23	biết
11151	24	biết_điều
11152	25	biết_ơn
11153	26	biển
11154	27	biển_báo
11155	28	biểu_diễn
11156	29	biểu_tình
11161	30	biểu_tượng
11162	31	biện
11163	32	biện_hộ
11164	33	biệt
11165	34	buồn
11166	35	buồn_cười
11211	36	buồn_ngủ
11212	37	buồn_phiền
11213	38	buổi
11214	39	buổi_chiều
11215	40	buổi_sáng
11216	41	buổi_trưa
11221	42	buổi_tối
11222	43	buộc
11223	44	buộc_tội
11224	45	bà
11225	46	bà_nội
11226	47	bài
11231	48	bài_giảng
11232	49	bài_hát
11233	50	bài_học
11234	51	bài_thơ
11235	52	bài_tập
11236	53	bài_viết
11241	54	bàn
11242	55	bàn_bạc
11243	56	bàn_chân
11244	57	bàn_luận
11245	58	bàn_tay
11246	59	bàng
11251	60	bào
11252	61	bày
11253	62	bày_tỏ
11254	63	bác_bỏ
11255	64	bác_sĩ
11256	65	bác_sỹ
11261	66	bám
11262	67	bán
11263	68	bán_chạy
11264	69	bánh
11265	70	bánh_mì
11266	71	bánh_ngọt
11311	72	bánh_quy
11312	73	bánh_xe
11313	74	báo_chí
11314	75	báo_cáo
11315	76	báo_thức
11316	77	bãi
11321	78	bãi_biển
11322	79	bãi_bỏ
11323	80	bãi_cỏ
11324	81	bè
11325	82	bén
11326	83	béo
11331	84	bê
11332	85	bên
11333	86	bên_cạnh
11334	87	bên_ngoài
11335	88	bì
11336	89	bình_luận
11341	90	bình_thường
11342	91	bình_tĩnh
11343	92	bình_đẳng
11344	93	bí_mật
11345	94	bí_quyết
11346	95	bí_ẩn
11351	96	bò
11352	97	bó
11353	98	bóc
11354	99	bóng_chuyền
11355	100	bóng_chày
11356	101	bóng_rổ
11361	102	bóng_tối
11362	103	bóng_đá
11363	104	bóp
11364	105	bù
11365	106	búa
11366	107	búp
11411	108	búp_bê
11412	109	bút
11413	110	bút_chì
11414	111	băng
11415	112	băng_hà
11416	113	bơi_lội
11421	114	bưu_điện
11422	115	bước
11423	116	bạ
11424	117	bại
11425	118	bạn_bè
11426	119	bạn_gái
11431	120	bạn_thân
11432	121	bạn_đọc
11433	122	bạo_lực
11434	123	bả
11435	124	bản_chất
11436	125	bản_gốc
11441	126	bản_ngữ
11442	127	bản_nhạc
11443	128	bản_năng
11444	129	bản_xứ
11445	130	bản_đồ
11446	131	bảng
11451	132	bảng_đen
11452	133	bảo_hiểm
11453	134	bảo_quản
11454	135	bảo_vệ
11455	136	bấm
11456	137	bất_chấp
11461	138	bất_công
11462	139	bất_cẩn
11463	140	bất_hạnh
11464	141	bất_kỳ
11465	142	bất_lực
11466	143	bất_mãn
11511	144	bất_ngờ
11512	145	bất_tỉnh
11513	146	bất_tử
11514	147	bấy
11515	148	bầu_cử
11516	149	bầu_trời
11521	150	bẩn
11522	151	bẫy
11523	152	bậc
11524	153	bận_rộn
11525	154	bắp
11526	155	bắt
11531	156	bắt_buộc
11532	157	bắt_cóc
11533	158	bắt_giữ
11534	159	bắt_gặp
11535	160	bắt_nguồn
11536	161	bắt_tay
11541	162	bắt_đầu
11542	163	bằng_chứng
11543	164	bẻ
11544	165	bế
11545	166	bến_xe
11546	167	bếp
11551	168	bề
11552	169	bề_mặt
11553	170	bề_ngoài
11554	171	bền
11555	172	bền_vững
11556	173	bể_bơi
11561	174	bệnh
11562	175	bệnh_nhân
11563	176	bệnh_tật
11564	177	bệnh_viện
11565	178	bị
11566	179	bị_cáo
11611	180	bọc
11612	181	bỏ
11613	182	bỏ_cuộc
11614	183	bỏ_lỡ
11615	184	bỏ_phiếu
11616	185	bỏ_qua
11621	186	bỏ_rơi
11622	187	bỏng
11623	188	bỏng_ngô
11624	189	bố
11625	190	bố_mẹ
11626	191	bối_cảnh
11631	192	bối_rối
11632	193	bồ_câu
11633	194	bồi
11634	195	bồi_bàn
11635	196	bổn_phận
11636	197	bộ_phận
11641	198	bộ_trưởng
11642	199	bộ_đồ
11643	200	bột
11644	201	bớt
11645	202	bờ
11646	203	bụi
11651	204	bụng
11652	205	bức
11653	206	bừa
11654	207	bữa
11655	208	bữa_ăn
11656	209	bực
11661	210	bực_bội
11662	211	ca_sĩ
11663	212	cai_trị
11664	213	cam_kết
11665	214	can_thiệp
11666	215	can_đảm
12111	216	cao_cấp
12112	217	cao_su
12113	218	cao_ốc
12114	219	cay
12115	220	cha_mẹ
12116	221	chanh
12121	222	chay
12122	223	che
12123	224	che_giấu
12124	225	che_đậy
12125	226	chi_phí
12126	227	chi_tiết
12131	228	chi_trả
12132	229	chia
12133	230	chia_buồn
12134	231	chia_sẻ
12135	232	chia_tay
12136	233	chinh_phục
12141	234	chiêm_ngưỡng
12142	235	chiếm
12143	236	chiến_dịch
12144	237	chiến_thắng
12145	238	chiến_đấu
12146	239	chiếu
12151	240	chiều
12152	241	cho
12153	242	cho_biết
12154	243	cho_là
12155	244	cho_phép
12156	245	cho_rằng
12161	246	chui
12162	247	chuyên
12163	248	chuyên_gia
12164	249	chuyên_nghiệp
12165	250	chuyên_ngành
12166	251	chuyến
12211	252	chuyến_bay
12212	253	chuyền
12213	254	chuyển_động
12214	255	chuông
12215	256	chuẩn
12216	257	chuẩn_bị
12221	258	chuồn
12222	259	chuồng
12223	260	chuỗi
12224	261	chuộc
12225	262	chuộng
12226	263	chuột
12231	264	chà
12232	265	chàng_trai
12233	266	chào
12234	267	chào_hỏi
12235	268	chào_mừng
12236	269	chào_đón
12241	270	chày
12242	271	chán
12243	272	chán_nản
12244	273	cháu
12245	274	châm
12246	275	chân_thành
12251	276	chân_thật
12252	277	chân_trời
12253	278	chén
12254	279	chéo
12255	280	chê
12256	281	chì
12261	282	chìa_khóa
12262	283	chìm
12263	284	chí
12264	285	chín
12265	286	chính
12266	287	chính_phủ
12311	288	chính_quyền
12312	289	chính_sách
12313	290	chính_thức
12314	291	chính_trị
12315	292	chính_tả
12316	293	chính_xác
12321	294	chính_đáng
12322	295	chó_sói
12323	296	chói
12324	297	chóng_mặt
12325	298	chôn
12326	299	chôn_cất
12331	300	chùa
12332	301	chùm
12333	302	chú_ý
12334	303	chúc
12335	304	chúc_mừng
12336	305	chút
12341	306	chăm_chú
12342	307	chăm_chỉ
12343	308	chăm_sóc
12344	309	chăn
12345	310	chơi
12346	311	chơi_đùa
12351	312	chương_trình
12352	313	chướng
12353	314	chạm
12354	315	chạy
12355	316	chải
12356	317	chảo
12361	318	chảy
12362	319	chảy_máu
12363	320	chấm
12364	321	chấm_dứt
12365	322	chấp
12366	323	chấp_nhận
12411	324	chất
12412	325	chất_lượng
12413	326	chất_lỏng
12414	327	chậm
12415	328	chật
12416	329	chắc
12421	330	chắc_chắn
12422	331	chắn
12423	332	chằm
12424	333	chặn
12425	334	chặng
12426	335	chặt
12431	336	chế_tạo
12432	337	chế_độ
12433	338	chết
12434	339	chết_đuối
12435	340	chỉ_số
12436	341	chỉ_trích
12441	342	chỉnh
12442	343	chị_em
12443	344	chịu
12444	345	chịu_đựng
12445	346	chọc
12446	347	chọn
12451	348	chọn_lựa
12452	349	chối
12453	350	chống
12454	351	chống_lại
12455	352	chồng
12456	353	chỗ
12461	354	chỗ_ngồi
12462	355	chớp
12463	356	chờ
12464	357	chờ_đợi
12465	358	chở
12466	359	chợ
12511	360	chục
12512	361	chụp
12513	362	chụp_ảnh
12514	363	chủ
12515	364	chủ_nghĩa
12516	365	chủ_nhân
12521	366	chủ_quyền
12522	367	chủ_yếu
12523	368	chủ_đề
12524	369	chủng_tộc
12525	370	chứa
12526	371	chứa_đựng
12531	372	chức
12532	373	chức_năng
12533	374	chức_trách
12534	375	chức_vụ
12535	376	chứng
12536	377	chứng_khoán
12541	378	chứng_kiến
12542	379	chứng_tỏ
12543	380	chừng
12544	381	chửi
12545	382	chữ_cái
12546	383	chữ_viết
12551	384	chữa
12552	385	co_giật
12553	386	coi
12554	387	coi_chừng
12555	388	coi_thường
12556	389	coi_trọng
12561	390	con_bé
12562	391	con_cái
12563	392	con_gái
12564	393	con_một
12565	394	con_người
12566	395	con_nuôi
12611	396	con_số
12612	397	con_trai
12613	398	cung
12614	399	cung_cấp
12615	400	cuối
12616	401	cuối_cùng
12621	402	cuối_tuần
12622	403	cuốn
12623	404	cuộc
12624	405	cuộc_sống
12625	406	cuộc_đời
12626	407	cuộn
12631	408	cà
12632	409	cà_chua
12633	410	cà_phê
12634	411	cà_rốt
12635	412	cài_đặt
12636	413	cá_nhân
12641	414	cá_voi
12642	415	cách_mạng
12643	416	cám
12644	417	cám_ơn
12645	418	cán
12646	419	cán_bộ
12651	420	cánh_tay
12652	421	cáo_buộc
12653	422	cát
12654	423	cân_nhắc
12655	424	câu_chuyện
12656	425	câu_hỏi
12661	426	câu_nói
12662	427	câu_đố
12663	428	cây_cối
12664	429	cây_số
12665	430	cây_xăng
12666	431	cãi
13111	432	cãi_cọ
13112	433	còi
13113	434	còn
13114	435	còn_lại
13115	436	có
13116	437	có_lý
13121	438	có_lợi
13122	439	có_mặt
13123	440	có_tuổi
13124	441	có_ích
13125	442	cô_bé
13126	443	cô_dâu
13131	444	cô_giáo
13132	445	cô_gái
13133	446	cô_đơn
13134	447	côn_trùng
13135	448	công_an
13136	449	công_bố
13141	450	công_chúa
13142	451	công_chúng
13143	452	công_cộng
13144	453	công_cụ
13145	454	công_dân
13146	455	công_nghiệp
13151	456	công_nghệ
13152	457	công_nhân
13153	458	công_nhận
13154	459	công_thức
13155	460	công_ti
13156	461	công_ty
13161	462	công_tắc
13162	463	công_viên
13163	464	công_việc
13164	465	cùng
13165	466	cú
13166	467	căm
13211	468	căn_cứ
13212	469	căn_hộ
13213	470	căng_thẳng
13214	471	cũ
13215	472	cơ_bản
13216	473	cơ_bắp
13221	474	cơ_hội
13222	475	cơ_sở
13223	476	cơ_thể
13224	477	cơm_rang
13225	478	cơn
13226	479	cư_trú
13231	480	cư_xử
13232	481	cưng
13233	482	cương
13234	483	cưới
13235	484	cướp
13236	485	cười
13241	486	cường_tráng
13242	487	cưỡi
13243	488	cưỡng
13244	489	cược
13245	490	cạn
13246	491	cạnh
13251	492	cạnh_tranh
13252	493	cạo
13253	494	cả
13254	495	cải
13255	496	cải_cách
13256	497	cải_thiện
13261	498	cải_tiến
13262	499	cải_trang
13263	500	cảm
13264	501	cảm_giác
13265	502	cảm_hứng
13266	503	cảm_nhận
13311	504	cảm_thấy
13312	505	cảm_xúc
13313	506	cảm_động
13314	507	cảm_ơn
13315	508	cản
13316	509	cảng
13321	510	cảnh_báo
13322	511	cảnh_giác
13323	512	cảnh_sát
13324	513	cấm
13325	514	cấp
13326	515	cấp_cứu
13331	516	cất
13332	517	cất_cánh
13333	518	cấu
13334	519	cấu_tạo
13335	520	cần_thiết
13336	521	cầu_nguyện
13341	522	cầu_thang
13342	523	cầu_thủ
13343	524	cầu_xin
13344	525	cẩn
13345	526	cẩn_thận
13346	527	cẩn_trọng
13351	528	cập
13352	529	cậu
13353	530	cắm
13354	531	cắm_sừng
13355	532	cắm_trại
13356	533	cắp
13361	534	cắt
13362	535	cắt_tóc
13363	536	cặp_đôi
13364	537	cọ
13365	538	cố
13366	539	cố_gắng
13411	540	cối
13412	541	cống_hiến
13413	542	cốt
13414	543	cồn
13415	544	cổ
13416	545	cổ_họng
13421	546	cổ_tích
13422	547	cổ_vũ
13423	548	cổ_điển
13424	549	cổ_đại
13425	550	cổng
13426	551	cỗ
13431	552	cộng_sản
13432	553	cộng_đồng
13433	554	cột
13434	555	cờ
13435	556	cờ_vua
13436	557	cởi
13441	558	cởi_mở
13442	559	cỡ
13443	560	cụ
13444	561	cụ_thể
13445	562	cục
13446	563	cụm
13451	564	cụm_từ
13452	565	cụt
13453	566	củ_cải
13454	567	của
13455	568	củi
13456	569	cứng
13461	570	cứu
13462	571	cừu
13463	572	cử
13464	573	cử_động
13465	574	cửa_hàng
13466	575	cửa_sổ
13511	576	cự
13512	577	cực
13513	578	cực_đoan
13514	579	danh_hiệu
13515	580	danh_sách
13516	581	danh_thiếp
13521	582	danh_tiếng
13522	583	di_chuyển
13523	584	di_chúc
13524	585	di_cư
13525	586	di_sản
13526	587	dinh
13531	588	diêm
13532	589	diễn_ra
13533	590	diễn_tả
13534	591	diễn_viên
13535	592	diện_tích
13536	593	diệt
13541	594	doanh_nghiệp
13542	595	doanh_nhân
13543	596	doanh_thu
13544	597	du_học
13545	598	du_lịch
13546	599	duy_nhất
13551	600	duy_trì
13552	601	duyệt
13553	602	dài
13554	603	dàn
13555	604	dành
13556	605	dày
13561	606	dày_đặc
13562	607	dán
13563	608	dáng
13564	609	dâm
13565	610	dân
13566	611	dân_chủ
13611	612	dâng
13612	613	dâu_tây
13613	614	dây
13614	615	dây_chuyền
13615	616	dây_giày
13616	617	dã
13621	618	dã_ngoại
13622	619	dì
13623	620	dính
13624	621	dò
13625	622	dòng
13626	623	dõi
13631	624	dũng_cảm
13632	625	dư
13633	626	dưa
13634	627	dưa_chuột
13635	628	dưỡng
13636	629	dược
13641	630	dạ
13642	631	dại
13643	632	dạng
13644	633	dạo
13645	634	dạy
13646	635	dạy_học
13651	636	dải
13652	637	dấu_chấm
13653	638	dấu_hiệu
13654	639	dầu
13655	640	dầu_mỏ
13656	641	dập
13661	642	dậy_thì
13662	643	dắt
13663	644	dặm
13664	645	dặn
13665	646	dẹp
13666	647	dễ
14111	648	dễ_chịu
14112	649	dễ_dàng
14113	650	dễ_thương
14114	651	dị
14115	652	dịch
14116	653	dịch_vụ
14121	654	dịp
14122	655	dịu
14123	656	dọa
14124	657	dọc
14125	658	dọn
14126	659	dọn_dẹp
14131	660	dối
14132	661	dỗ
14133	662	dội
14134	663	dở
14135	664	dụ
14136	665	dục
14141	666	dụng
14142	667	dụng_cụ
14143	668	dứt
14144	669	dừa
14145	670	dừng_lại
14146	671	dữ_liệu
14151	672	dự
14152	673	dự_báo
14153	674	dự_kiến
14154	675	dự_án
14155	676	dự_đoán
14156	677	dự_định
14161	678	dựa
14162	679	dựng
14163	680	em
14164	681	em_bé
14165	682	gai
14166	683	gan
14211	684	gay
14212	685	gay_gắt
14213	686	ghen
14214	687	ghen_tị
14215	688	ghi_chép
14216	689	ghi_chú
14221	690	ghi_hình
14222	691	ghi_nhận
14223	692	ghi_nhớ
14224	693	ghi_âm
14225	694	ghé
14226	695	ghét
14231	696	ghế
14232	697	gia_nhập
14233	698	gia_đình
14234	699	giai
14235	700	giai_đoạn
14236	701	giam
14241	702	gian
14242	703	gian_lận
14243	704	giang_hồ
14244	705	giao
14245	706	giao_thông
14246	707	giao_tiếp
14251	708	gieo
14252	709	giành
14253	710	giàu_có
14254	711	giày
14255	712	giá
14256	713	giá_cả
14261	714	giá_trị
14262	715	giác_quan
14263	716	giám_sát
14264	717	giám_đốc
14265	718	gián_điệp
14266	719	gián_đoạn
14311	720	giáo
14312	721	giáo_dục
14313	722	giáo_khoa
14314	723	giáo_sư
14315	724	giáo_viên
14316	725	giây
14321	726	giây_lát
14322	727	giãn
14323	728	gió
14324	729	giúp
14325	730	giúp_ích
14326	731	giúp_đỡ
14331	732	giơ
14332	733	giường
14333	734	giả
14334	735	giả_thuyết
14335	736	giả_vờ
14336	737	giải
14341	738	giải_khát
14342	739	giải_lao
14343	740	giải_mã
14344	741	giải_pháp
14345	742	giải_quyết
14346	743	giải_thích
14351	744	giải_thưởng
14352	745	giải_trí
14353	746	giảm
14354	747	giảm_giá
14355	748	giảng
14356	749	giấc_mơ
14361	750	giấu
14362	751	giấy
14363	752	giấy_phép
14364	753	giận
14365	754	giận_dữ
14366	755	giật
14411	756	giặc
14412	757	giặt
14413	758	giếng
14414	759	giết
14415	760	giết_người
14416	761	giọng
14421	762	giọng_nói
14422	763	giọt
14423	764	giống_như
14424	765	giới_hạn
14425	766	giữ
14426	767	gu
14431	768	gào
14432	769	gác
14433	770	gánh
14434	771	gánh_vác
14435	772	gây_sự
14436	773	gãy
14441	774	góc
14442	775	gói
14443	776	góp
14444	777	góp_phần
14445	778	gõ
14446	779	găng
14451	780	găng_tay
14452	781	gương
14453	782	gương_mặt
14454	783	gạch
14455	784	gạt
14456	785	gấp
14461	786	gấp_đôi
14462	787	gầm
14463	788	gần
14464	789	gậy
14465	790	gắn
14466	791	gắng
14511	792	gắt
14512	793	gặp
14513	794	gặp_gỡ
14514	795	gặp_phải
14515	796	gọi
14516	797	gọn
14521	798	gốc
14522	799	gối
14523	800	gồm
14524	801	gỗ
14525	802	gởi
14526	803	gỡ
14531	804	gợi
14532	805	gợi_ý
14533	806	gục
14534	807	gửi
14535	808	hai
14536	809	hang
14541	810	heo
14542	811	hiếm
14543	812	hiểm
14544	813	hiển_nhiên
14545	814	hiểu
14546	815	hiểu_biết
14551	816	hiểu_lầm
14552	817	hiện
14553	818	hiện_thực
14554	819	hiện_trường
14555	820	hiện_tượng
14556	821	hiện_tại
14561	822	hiện_vật
14562	823	hiện_đại
14563	824	hiệp_hội
14564	825	hiệu_lực
14565	826	hiệu_quả
14566	827	hiệu_trưởng
14611	828	ho
14612	829	hoa_hồng
14613	830	hoa_quả
14614	831	hoang
14615	832	hoang_dã
14616	833	hoang_mang
14621	834	hoang_tưởng
14622	835	hoàn
14623	836	hoàn_cảnh
14624	837	hoàn_hảo
14625	838	hoàn_thiện
14626	839	hoàn_thành
14631	840	hoàn_toàn
14632	841	hoàn_tất
14633	842	hoàng_hôn
14634	843	hoàng_tử
14635	844	hoãn
14636	845	hoạn
14641	846	hoạn_nạn
14642	847	hoạt_động
14643	848	hoảng
14644	849	hoảng_loạn
14645	850	huy_chương
14646	851	huyết_áp
14651	852	huấn_luyện
14652	853	hy_sinh
14653	854	hy_vọng
14654	855	hài_hòa
14655	856	hài_hước
14656	857	hài_lòng
14661	858	hàng_hóa
14662	859	hàng_rào
14663	860	hàng_xóm
14664	861	hàng_đầu
14665	862	hành_khách
14666	863	hành_lang
15111	864	hành_lý
15112	865	hành_tinh
15113	866	hành_trình
15114	867	hành_tây
15115	868	hành_vi
15116	869	hành_động
15121	870	hào_hứng
15122	871	hào_phóng
15123	872	hái
15124	873	hát
15125	874	hâm
15126	875	hân_hạnh
15131	876	hãi
15132	877	hãnh_diện
15133	878	hèn
15134	879	hét
15135	880	hình_học
15136	881	hình_phạt
15141	882	hình_thành
15142	883	hình_thức
15143	884	hình_tròn
15144	885	hình_ảnh
15145	886	hít
15146	887	hò
15151	888	hòa_hợp
15152	889	hòa_nhạc
15153	890	hóa
15154	891	hóa_học
15155	892	hóa_đơn
15156	893	hô
15161	894	hôi
15162	895	hôn_nhân
15163	896	hút
15164	897	hút_thuốc
15165	898	hăng
15166	899	hơi
15211	900	hơi_nước
15212	901	hơn
15213	902	hư
15214	903	hư_hỏng
15215	904	hương_thơm
15216	905	hướng_dẫn
15221	906	hưởng
15222	907	hưởng_thụ
15223	908	hưởng_ứng
15224	909	hạ_cánh
15225	910	hạc
15226	911	hại
15231	912	hạn
15232	913	hạng
15233	914	hạnh_nhân
15234	915	hạnh_phúc
15235	916	hạt_giống
15236	917	hạt_nhân
15241	918	hả
15242	919	hải_quân
15243	920	hải_sản
15244	921	hấp
15245	922	hấp_dẫn
15246	923	hấp_thụ
15251	924	hậu_quả
15252	925	hẹn
15253	926	hẹn_hò
15254	927	hẹp
15255	928	hết_cả
15256	929	hề
15261	930	hệ_thống
15262	931	họ_hàng
15263	932	họa
15264	933	họa_sĩ
15265	934	học
15266	935	học_hành
15311	936	học_hỏi
15312	937	học_thuộc
15313	938	học_trò
15314	939	học_tập
15315	940	học_đường
15316	941	họng
15321	942	họp
15322	943	họp_báo
15323	944	hỏa
15324	945	hỏi
15325	946	hỏi_thăm
15326	947	hỏng
15331	948	hố
15332	949	hối
15333	950	hối_hận
15334	951	hối_tiếc
15335	952	hồ_sơ
15336	953	hồn
15341	954	hỗ_trợ
15342	955	hỗn
15343	956	hộ
15344	957	hộ_chiếu
15345	958	hội
15346	959	hội_nghị
15351	960	hội_trường
15352	961	hội_viên
15353	962	hộp
15354	963	hộp_thư
15355	964	hợp
15356	965	hợp_pháp
15361	966	hợp_xướng
15362	967	hợp_đồng
15363	968	hủy
15364	969	hủy_bỏ
15365	970	hủy_diệt
15366	971	hủy_hoại
15411	972	hứng
15412	973	hứng_thú
15413	974	hữu
15414	975	hữu_cơ
15415	976	hữu_ích
15416	977	im
15421	978	im_lặng
15422	979	in
15423	980	kem
15424	981	khai
15425	982	khai_mạc
15426	983	khao
15431	984	khen
15432	985	khen_ngợi
15433	986	khi
15434	987	khinh
15435	988	khinh_thường
15436	989	khiêm_tốn
15441	990	khiêu_vũ
15442	991	khiến
15443	992	khiếp
15444	993	khiếu
15445	994	kho
15446	995	kho_báu
15451	996	khoa_học
15452	997	khoai_tây
15453	998	khoan
15454	999	khoe
15455	1000	khoác
15456	1001	khoái
15461	1002	khoản
15462	1003	khoảng
15463	1004	khoảnh
15464	1005	khoảnh_khắc
15465	1006	khoẻ
15466	1007	khu
15511	1008	khu_vực
15512	1009	khung
15513	1010	khuya
15514	1011	khuynh_hướng
15515	1012	khuyên
15516	1013	khuyến_khích
15521	1014	khuyết
15522	1015	khuyết_điểm
15523	1016	khuôn
15524	1017	khuôn_mặt
15525	1018	khá
15526	1019	khác
15531	1020	khác_biệt
15532	1021	khác_nhau
15533	1022	khác_thường
15534	1023	khách_hàng
15535	1024	khách_sạn
15536	1025	khái
15541	1026	khái_niệm
15542	1027	khám_phá
15543	1028	khán_giả
15544	1029	khát
15545	1030	khéo
15546	1031	khí_hậu
15551	1032	khía
15552	1033	khía_cạnh
15553	1034	khích
15554	1035	khó
15555	1036	khó_chịu
15556	1037	khó_khăn
15561	1038	khóa
15562	1039	khóc
15563	1040	khói
15564	1041	không_dám
15565	1042	không_gian
15566	1043	không_khí
15611	1044	không_ngừng
15612	1045	khăn
15613	1046	khơi
15614	1047	khả_năng
15615	1048	khả_thi
15616	1049	khẩn_cấp
15621	1050	khẩn_trương
15622	1051	khẩu_hiệu
15623	1052	khẩu_trang
15624	1053	khắc_phục
15625	1054	khẳng_định
15626	1055	khỉ
15631	1056	khỏe_mạnh
15632	1057	khỏi
15633	1058	khối
15634	1059	khổ
15635	1060	khổng_lồ
15636	1061	khớp
15641	1062	khởi
15642	1063	khởi_hành
15643	1064	khởi_tố
15644	1065	khởi_động
15645	1066	khủng
15646	1067	khủng_bố
15651	1068	khủng_hoảng
15652	1069	khủng_khiếp
15653	1070	khủng_long
15654	1071	kia
15655	1072	kim_cương
15656	1073	kinh_doanh
15661	1074	kinh_nghiệm
15662	1075	kinh_ngạc
15663	1076	kinh_tế
15664	1077	kiên_nhẫn
15665	1078	kiên_quyết
15666	1079	kiêu_căng
16111	1080	kiêu_ngạo
16112	1081	kiến
16113	1082	kiến_thức
16114	1083	kiến_trúc
16115	1084	kiếp
16116	1085	kiềm
16121	1086	kiềm_chế
16122	1087	kiểm
16123	1088	kiểm_soát
16124	1089	kiểm_tra
16125	1090	kiểu
16126	1091	kiệm
16131	1092	kiện
16132	1093	kiệt_sức
16133	1094	kiệt_tác
16134	1095	kèm
16135	1096	kém
16136	1097	kéo
16141	1098	kéo_dài
16142	1099	két
16143	1100	kê
16144	1101	kênh
16145	1102	kêu_gọi
16146	1103	kìm
16151	1104	kích
16152	1105	kích_thước
16153	1106	kính_trọng
16154	1107	ký
16155	1108	ký_ức
16156	1109	kĩ
16161	1110	kĩ_năng
16162	1111	kẹo
16163	1112	kẹt
16164	1113	kẻ_thù
16165	1114	kế
16166	1115	kế_hoạch
16211	1116	kế_tiếp
16212	1117	kết
16213	1118	kết_bạn
16214	1119	kết_hôn
16215	1120	kết_luận
16216	1121	kết_nối
16221	1122	kết_thúc
16222	1123	kết_án
16223	1124	kể
16224	1125	kệ
16225	1126	kỉ_niệm
16226	1127	kịch
16231	1128	kỳ_lân
16232	1129	kỳ_lạ
16233	1130	kỳ_vọng
16234	1131	kỷ
16235	1132	kỷ_niệm
16236	1133	kỹ_năng
16241	1134	kỹ_sư
16242	1135	kỹ_thuật
16243	1136	lan_truyền
16244	1137	lang_thang
16245	1138	lanh
16246	1139	lao
16251	1140	lao_động
16252	1141	lau
16253	1142	len
16254	1143	leo
16255	1144	liên_hệ
16256	1145	liên_kết
16261	1146	liên_lạc
16262	1147	liên_quan
16263	1148	liên_tưởng
16264	1149	liên_tục
16265	1150	liền
16266	1151	liều
16311	1152	liệt
16312	1153	lo
16313	1154	lo_lắng
16314	1155	lo_nghĩ
16315	1156	lo_sợ
16316	1157	loa
16321	1158	loài_người
16322	1159	loại
16323	1160	loạn
16324	1161	loạt
16325	1162	luyện
16326	1163	luyện_tập
16331	1164	luật
16332	1165	ly_dị
16333	1166	ly_hôn
16334	1167	là
16335	1168	làm
16336	1169	làm_cho
16341	1170	làm_chủ
16342	1171	làm_phiền
16343	1172	làm_quen
16344	1173	làm_trò
16345	1174	làm_tình
16346	1175	làm_việc
16351	1176	làm_vườn
16352	1177	làm_ơn
16353	1178	làn
16354	1179	làng
16355	1180	lành
16356	1181	lành_mạnh
16361	1182	lách
16362	1183	lái_xe
16363	1184	láng
16364	1185	láng_giềng
16365	1186	lánh
16366	1187	lâu_đài
16411	1188	lây
16412	1189	lãng_phí
16413	1190	lãnh
16414	1191	lãnh_thổ
16415	1192	lãnh_đạo
16416	1193	lên
16421	1194	lên_mặt
16422	1195	lí_do
16423	1196	lính
16424	1197	lòng
16425	1198	lô
16426	1199	lông
16431	1200	lõi
16432	1201	lùi
16433	1202	lùn
16434	1203	lùng
16435	1204	lúa_mì
16436	1205	lúc
16441	1206	lý_do
16442	1207	lý_giải
16443	1208	lý_thuyết
16444	1209	lý_thú
16445	1210	lý_trí
16446	1211	lý_tưởng
16451	1212	lăn
16452	1213	lơ
16453	1214	lơ_là
16454	1215	lưng
16455	1216	lưu_ý
16456	1217	lương_thiện
16461	1218	lương_tâm
16462	1219	lưới
16463	1220	lướt
16464	1221	lướt_sóng
16465	1222	lười
16466	1223	lường
16511	1224	lưỡi
16512	1225	lược
16513	1226	lượn
16514	1227	lượng
16515	1228	lượt
16516	1229	lạ
16521	1230	lạ_thường
16522	1231	lạc_quan
16523	1232	lạm_dụng
16524	1233	lạnh
16525	1234	lạp
16526	1235	lấp
16531	1236	lấp_lánh
16532	1237	lấy
16533	1238	lấy_lại
16534	1239	lần
16535	1240	lẫn
16536	1241	lẫn_nhau
16541	1242	lận
16542	1243	lập_trình
16543	1244	lật
16544	1245	lậu
16545	1246	lắc
16546	1247	lắc_đầu
16551	1248	lắng
16552	1249	lắng_nghe
16553	1250	lắp_bắp
16554	1251	lắp_ráp
16555	1252	lắp_đặt
16556	1253	lặn
16561	1254	lặng
16562	1255	lặp_lại
16563	1256	lẻ
16564	1257	lẽ_phải
16565	1258	lều
16566	1259	lễ_hội
16611	1260	lệch
16612	1261	lệnh
16613	1262	lịch
16614	1263	lịch_sử
16615	1264	lịch_sự
16616	1265	lịch_trình
16621	1266	lọc
16622	1267	lọt
16623	1268	lỏng
16624	1269	lối
16625	1270	lỗi
16626	1271	lỗi_thời
16631	1272	lộ
16632	1273	lội
16633	1274	lộn
16634	1275	lột
16635	1276	lớn
16636	1277	lớn_tuổi
16641	1278	lờ
16642	1279	lời_hứa
16643	1280	lời_khuyên
16644	1281	lời_nói
16645	1282	lỡ
16646	1283	lợi_dụng
16651	1284	lợi_nhuận
16652	1285	lợi_ích
16653	1286	lụa
16654	1287	lụt
16655	1288	lừa
16656	1289	lừa_đảo
16661	1290	lửa
16662	1291	lựa
16663	1292	lựa_chọn
16664	1293	lực_lượng
16665	1294	lựu
16666	1295	ma_túy
21111	1296	mang_lại
21112	1297	manh
21113	1298	mao_mạch
21114	1299	mau
21115	1300	may_mắn
21116	1301	miêu_tả
21121	1302	miếng
21122	1303	miền
21123	1304	miễn
21124	1305	miễn_cưỡng
21125	1306	miễn_phí
21126	1307	miệng
21131	1308	mong
21132	1309	mong_chờ
21133	1310	mong_muốn
21134	1311	mong_đợi
21135	1312	mua_sắm
21136	1313	muối
21141	1314	muốn
21142	1315	muỗi
21143	1316	mài
21144	1317	màn
21145	1318	màn_hình
21146	1319	màng
21151	1320	màu_sắc
21152	1321	má
21153	1322	mái
21154	1323	máu
21155	1324	máy_chủ
21156	1325	máy_in
21161	1326	máy_móc
21162	1327	máy_sưởi
21163	1328	máy_tính
21164	1329	máy_ảnh
21165	1330	mâu
21166	1331	mâu_thuẫn
21211	1332	mây
21212	1333	mã_nguồn
21213	1334	mét
21214	1335	mê
21215	1336	mình
21216	1337	mò
21221	1338	móc_túi
21222	1339	món_ăn
21223	1340	móng
21224	1341	mô
21225	1342	mô_hình
21226	1343	mô_tả
21231	1344	môi
21232	1345	môi_trường
21233	1346	môn
21234	1347	môn_học
21235	1348	mù
21236	1349	mù_chữ
21241	1350	mù_màu
21242	1351	mùa_hè
21243	1352	mùa_thu
21244	1353	mùa_xuân
21245	1354	mùa_đông
21246	1355	múa
21251	1356	mũ
21252	1357	mũi_tên
21253	1358	mơ_hồ
21254	1359	mơ_mộng
21255	1360	mơ_ước
21256	1361	mưa
21261	1362	mưa_rào
21262	1363	mưu
21263	1364	mượn
21264	1365	mạch
21265	1366	mạn
21266	1367	mạng
21311	1368	mạnh_mẽ
21312	1369	mạo
21313	1370	mạo_hiểm
21314	1371	mạt
21315	1372	mảnh
21316	1373	mất
21321	1374	mất_cắp
21322	1375	mất_mặt
21323	1376	mất_ngủ
21324	1377	mập
21325	1378	mật_ong
21326	1379	mắt_cá
21331	1380	mặc
21332	1381	mặn
21333	1382	mặt_hàng
21334	1383	mặt_nước
21335	1384	mặt_nạ
21336	1385	mặt_đất
21341	1386	mẻ
21342	1387	mẽ
21343	1388	mềm
21344	1389	mệt
21345	1390	mệt_mỏi
21346	1391	mọc
21351	1392	mỏi
21352	1393	mỏng
21353	1394	mồ_hôi
21354	1395	mồm
21355	1396	một
21356	1397	một_chút
21361	1398	một_số
21362	1399	một_vài
21363	1400	mới
21364	1401	mới_lạ
21365	1402	mới_mẻ
21366	1403	mờ
21411	1404	mời
21412	1405	mở
21413	1406	mở_rộng
21414	1407	mỡ
21415	1408	mục
21416	1409	mục_tiêu
21421	1410	mục_đích
21422	1411	mức
21423	1412	mừng
21424	1413	nam_châm
21425	1414	nam_giới
21426	1415	nan
21431	1416	ngang
21432	1417	nghe
21433	1418	nghe_lời
21434	1419	nghe_nói
21435	1420	nghi
21436	1421	nghi_ngờ
21441	1422	nghi_phạm
21442	1423	nghiêm_khắc
21443	1424	nghiêm_trọng
21444	1425	nghiêm_túc
21445	1426	nghiên
21446	1427	nghiên_cứu
21451	1428	nghiêng
21452	1429	nghiệm
21453	1430	nghiện
21454	1431	nghiệp
21455	1432	nghiệp_vụ
21456	1433	nghèo
21461	1434	nghĩ
21462	1435	nghề
21463	1436	nghệ_sĩ
21464	1437	nghệ_thuật
21465	1438	nghỉ_ngơi
21466	1439	nghỉ_việc
21511	1440	ngoan
21512	1441	ngoài
21513	1442	ngoái
21514	1443	ngoại_giao
21515	1444	ngoại_lệ
21516	1445	ngoại_ngữ
21521	1446	ngoại_tình
21522	1447	ngu
21523	1448	ngu_ngốc
21524	1449	nguy
21525	1450	nguy_cơ
21526	1451	nguyên_liệu
21531	1452	nguyên_nhân
21532	1453	nguyên_tố
21533	1454	nguyên_tử
21534	1455	nguyên_âm
21535	1456	nguồn
21536	1457	nguồn_gốc
21541	1458	nguội
21542	1459	ngành
21543	1460	ngày
21544	1461	ngày_lễ
21545	1462	ngày_sinh
21546	1463	ngâm
21551	1464	ngâm_nga
21552	1465	ngân_hàng
21553	1466	ngân_nga
21554	1467	ngân_sách
21555	1468	ngây
21556	1469	ngây_thơ
21561	1470	ngã_tư
21562	1471	ngón_chân
21563	1472	ngón_tay
21564	1473	ngôn
21565	1474	ngôn_ngữ
21566	1475	ngăn
21611	1476	ngăn_cản
21612	1477	ngăn_kéo
21613	1478	ngũ_cốc
21614	1479	ngơi
21615	1480	ngưng
21616	1481	người_lạ
21621	1482	người_lớn
21622	1483	người_máy
21623	1484	người_quen
21624	1485	người_ta
21625	1486	người_yêu
21626	1487	ngưỡng
21631	1488	ngưỡng_mộ
21632	1489	ngược
21633	1490	ngạc_nhiên
21634	1491	ngại
21635	1492	ngạo
21636	1493	ngất
21641	1494	ngầm
21642	1495	ngần
21643	1496	ngần_ngại
21644	1497	ngẩn
21645	1498	ngẫu
21646	1499	ngập
21651	1500	ngắm
21652	1501	ngắn
21653	1502	ngắn_gọn
21654	1503	ngắt
21655	1504	ngọc_trai
21656	1505	ngọn
21661	1506	ngọt
21662	1507	ngồi
21663	1508	ngột
21664	1509	ngờ
21665	1510	ngục
21666	1511	ngủ
22111	1512	ngứa
22112	1513	ngừng
22113	1514	ngữ_cảnh
22114	1515	ngữ_pháp
22115	1516	ngực
22116	1517	nha_sĩ
22121	1518	nhai
22122	1519	nhanh
22123	1520	nhanh_chóng
22124	1521	nhau
22125	1522	nhiếp_ảnh
22126	1523	nhiễm
22131	1524	nhiệm_vụ
22132	1525	nhiệt
22133	1526	nhiệt_kế
22134	1527	nhiệt_tình
22135	1528	nhiệt_độ
22136	1529	nhu
22141	1530	nhu_cầu
22142	1531	nhuộm
22143	1532	nhà
22144	1533	nhà_báo
22145	1534	nhà_bếp
22146	1535	nhà_cửa
22151	1536	nhà_ga
22152	1537	nhà_hàng
22153	1538	nhà_hát
22154	1539	nhà_kính
22155	1540	nhà_máy
22156	1541	nhà_nước
22161	1542	nhà_thơ
22162	1543	nhà_thờ
22163	1544	nhà_trường
22164	1545	nhà_văn
22165	1546	nhàm
22166	1547	nhàm_chán
22211	1548	nhào
22212	1549	nhánh
22213	1550	nháy
22214	1551	nhân_cách
22215	1552	nhân_dân
22216	1553	nhân_loại
22221	1554	nhân_tài
22222	1555	nhân_tạo
22223	1556	nhân_viên
22224	1557	nhân_vật
22225	1558	nhãn
22226	1559	nhìn
22231	1560	nhìn_thấy
22232	1561	nhí
22233	1562	nhóc
22234	1563	nhóm
22235	1564	nhăn
22236	1565	nhường
22241	1566	nhạc
22242	1567	nhạy
22243	1568	nhạy_cảm
22244	1569	nhảy
22245	1570	nhảy_dây
22246	1571	nhảy_múa
22251	1572	nhấc
22252	1573	nhấn_mạnh
22253	1574	nhất_trí
22254	1575	nhất_định
22255	1576	nhầm
22256	1577	nhẫn
22261	1578	nhận
22262	1579	nhận_ra
22263	1580	nhận_thấy
22264	1581	nhận_thức
22265	1582	nhập_khẩu
22266	1583	nhập_thành
22311	1584	nhật_ký
22312	1585	nhắc_lại
22313	1586	nhắm
22314	1587	nhắm_mắt
22315	1588	nhắn
22316	1589	nhằm
22321	1590	nhặt
22322	1591	nhẹ_nhàng
22323	1592	nhện
22324	1593	nhị
22325	1594	nhịn
22326	1595	nhịp
22331	1596	nhịp_điệu
22332	1597	nhỏ
22333	1598	nhỏ_nhặt
22334	1599	nhốt
22335	1600	nhồi
22336	1601	nhổ
22341	1602	nhớ
22342	1603	nhục
22343	1604	nhức
22344	1605	nhựa
22345	1606	ninh
22346	1607	niềm
22351	1608	niệm
22352	1609	non
22353	1610	nuôi
22354	1611	nuôi_dưỡng
22355	1612	nâng
22356	1613	nâng_cao
22361	1614	nâu
22362	1615	não
22363	1616	né
22364	1617	né_tránh
22365	1618	ném
22366	1619	nén
22411	1620	nét
22412	1621	nên
22413	1622	nói
22414	1623	nói_chuyện
22415	1624	nói_dối
22416	1625	nói_năng
22421	1626	nói_thẳng
22422	1627	nói_xấu
22423	1628	nón
22424	1629	nóng
22425	1630	nô_lệ
22426	1631	nông_dân
22431	1632	nông_thôn
22432	1633	nông_trại
22433	1634	núi
22434	1635	năm
22435	1636	năm_học
22436	1637	năm_nhuận
22441	1638	năng_lượng
22442	1639	năng_lực
22443	1640	năng_suất
22444	1641	năng_động
22445	1642	nước_biển
22446	1643	nước_mắt
22451	1644	nước_ngoài
22452	1645	nước_ngọt
22453	1646	nạn
22454	1647	nản
22455	1648	nấm
22456	1649	nấu
22461	1650	nấu_nướng
22462	1651	nấu_ăn
22463	1652	nắm
22464	1653	nắng
22465	1654	nắp
22466	1655	nằm
22511	1656	nằm_xuống
22512	1657	nếm
22513	1658	nến
22514	1659	nếp
22515	1660	nề
22516	1661	nền
22521	1662	nền_tảng
22522	1663	nối
22523	1664	nồi
22524	1665	nồng
22525	1666	nổ
22526	1667	nổi
22531	1668	nổi_bật
22532	1669	nổi_dậy
22533	1670	nổi_giận
22534	1671	nổi_tiếng
22535	1672	nội_dung
22536	1673	nội_quy
22541	1674	nội_thất
22542	1675	nội_trợ
22543	1676	nội_tâm
22544	1677	nộp
22545	1678	nở
22546	1679	nợ
22551	1680	nụ
22552	1681	nụ_cười
22553	1682	nứt
22554	1683	nửa
22555	1684	nửa_đêm
22556	1685	nữ
22561	1686	nữ_hoàng
22562	1687	oan
22563	1688	ong
22564	1689	pha
22565	1690	phanh
22566	1691	phi_công
22611	1692	phim
22612	1693	phiên_bản
22613	1694	phiên_dịch
22614	1695	phiếu
22615	1696	phiền
22616	1697	phiền_phức
22621	1698	pho
22622	1699	pho_mát
22623	1700	phong_cách
22624	1701	phong_cảnh
22625	1702	phong_tỏa
22626	1703	phong_tục
22631	1704	phun
22632	1705	phàn_nàn
22633	1706	phá
22634	1707	phá_hủy
22635	1708	phá_sản
22636	1709	phác
22641	1710	phái
22642	1711	phán
22643	1712	phán_xét
22644	1713	pháo
22645	1714	pháo_hoa
22646	1715	pháp_luật
22651	1716	phát
22652	1717	phát_biểu
22653	1718	phát_hiện
22654	1719	phát_huy
22655	1720	phát_hành
22656	1721	phát_minh
22661	1722	phát_sóng
22662	1723	phát_thanh
22663	1724	phát_triển
22664	1725	phát_âm
22665	1726	phát_điên
22666	1727	phân_biệt
23111	1728	phân_phối
23112	1729	phê_bình
23113	1730	phì
23114	1731	phía
23115	1732	phím
23116	1733	phòng
23121	1734	phòng_chống
23122	1735	phòng_ngủ
23123	1736	phòng_tắm
23124	1737	phòng_vệ
23125	1738	phòng_ăn
23126	1739	phóng
23131	1740	phóng_viên
23132	1741	phô_mai
23133	1742	phù
23134	1743	phù_hợp
23135	1744	phúc_lợi
23136	1745	phút
23141	1746	phơi
23142	1747	phơi_bày
23143	1748	phương_pháp
23144	1749	phương_tiện
23145	1750	phương_án
23146	1751	phạm_pháp
23151	1752	phạt
23152	1753	phải
23153	1754	phản
23154	1755	phản_bội
23155	1756	phản_chiếu
23156	1757	phản_đối
23161	1758	phản_ứng
23162	1759	phấn
23163	1760	phấn_khích
23164	1761	phần_mềm
23165	1762	phần_thưởng
23166	1763	phẩm
23211	1764	phẩm_chất
23212	1765	phẫu_thuật
23213	1766	phẳng
23214	1767	phỏng
23215	1768	phỏng_vấn
23216	1769	phổ_biến
23221	1770	phổ_thông
23222	1771	phổi
23223	1772	phụ_nữ
23224	1773	phụ_thuộc
23225	1774	phụ_trách
23226	1775	phụ_âm
23231	1776	phục_vụ
23232	1777	phủ_nhận
23233	1778	phức
23234	1779	phức_tạp
23235	1780	pin
23236	1781	qua_đời
23241	1782	quan_sát
23242	1783	quan_trọng
23243	1784	quan_tâm
23244	1785	quan_điểm
23245	1786	quang_cảnh
23246	1787	quanh
23251	1788	quay
23252	1789	quay_lại
23253	1790	que
23254	1791	quen
23255	1792	quen_biết
23256	1793	quen_thuộc
23261	1794	quy
23262	1795	quy_luật
23263	1796	quy_tắc
23264	1797	quy_định
23265	1798	quyên_góp
23266	1799	quyến
23311	1800	quyến_rũ
23312	1801	quyết_liệt
23313	1802	quyết_tâm
23314	1803	quyết_đoán
23315	1804	quyết_định
23316	1805	quyền_lợi
23321	1806	quà
23322	1807	quá_khứ
23323	1808	quá_trình
23324	1809	quá_đáng
23325	1810	quái_vật
23326	1811	quán
23331	1812	quân_đội
23332	1813	quãng
23333	1814	quét
23334	1815	quên
23335	1816	quý_giá
23336	1817	quý_phái
23341	1818	quạ
23342	1819	quản_lý
23343	1820	quảng_cáo
23344	1821	quấy
23345	1822	quần
23346	1823	quần_vợt
23351	1824	quần_áo
23352	1825	quầy
23353	1826	quốc_hội
23354	1827	quốc_tế
23355	1828	quốc_tịch
23356	1829	quỳ
23361	1830	quỷ
23362	1831	quỹ
23363	1832	quỹ_đạo
23364	1833	ra_hiệu
23365	1834	ra_vẻ
23366	1835	ra_đi
23411	1836	rang
23412	1837	rau
23413	1838	riêng
23414	1839	riêng_tư
23415	1840	robot
23416	1841	roi
23421	1842	run
23422	1843	rung
23423	1844	ruồi
23424	1845	ruộng
23425	1846	ruột
23426	1847	ràng
23431	1848	rào
23432	1849	rách
23433	1850	rán
23434	1851	ráp
23435	1852	râu
23436	1853	rã
23441	1854	rã_rời
23442	1855	rèn
23443	1856	rèn_luyện
23444	1857	rên
23445	1858	rên_rỉ
23446	1859	rô
23451	1860	rõ
23452	1861	rõ_ràng
23453	1862	rõ_rệt
23454	1863	rùa
23455	1864	rút_lui
23456	1865	răng
23461	1866	rơi
23462	1867	rượu
23463	1868	rượu_nho
23464	1869	rượu_vang
23465	1870	rạp
23466	1871	rảnh
23511	1872	rảnh_rỗi
23512	1873	rập
23513	1874	rắc
23514	1875	rắc_rối
23515	1876	rắn
23516	1877	rẻ_tiền
23521	1878	rỉ
23522	1879	rồng
23523	1880	rổ
23524	1881	rỗi
23525	1882	rỗng
23526	1883	rộn
23531	1884	rộng_lớn
23532	1885	rớt
23533	1886	rời
23534	1887	rụng
23535	1888	rủi
23536	1889	rủi_ro
23541	1890	rừng
23542	1891	rửa
23543	1892	rửa_tiền
23544	1893	sa
23545	1894	sa_mạc
23546	1895	sa_thải
23551	1896	sai
23552	1897	sai_lầm
23553	1898	sai_sót
23554	1899	sam
23555	1900	sao_băng
23556	1901	sau
23561	1902	say_rượu
23562	1903	sinh_học
23563	1904	sinh_nhật
23564	1905	sinh_ra
23565	1906	sinh_sống
23566	1907	sinh_viên
23611	1908	sinh_vật
23612	1909	sinh_đôi
23613	1910	siêu_thị
23614	1911	so
23615	1912	so_sánh
23616	1913	soát
23621	1914	soạn
23622	1915	sung
23623	1916	sung_sướng
23624	1917	suy
23625	1918	suy_nghĩ
23626	1919	suất
23631	1920	suốt
23632	1921	sàn
23633	1922	sàn_nhà
23634	1923	sàng
23635	1924	sách_báo
23636	1925	sách_vở
23641	1926	sáng_kiến
23642	1927	sáng_sớm
23643	1928	sáng_tạo
23644	1929	sánh
23645	1930	sáo
23646	1931	sát_hại
23651	1932	sân
23652	1933	sân_bay
23653	1934	sân_chơi
23654	1935	sâu
23655	1936	sâu_sắc
23656	1937	sét
23661	1938	sóc
23662	1939	sói
23663	1940	sóng
23664	1941	sót
23665	1942	sô
23666	1943	sôi
24111	1944	sông
24112	1945	sùng
24113	1946	súc
24114	1947	súp
24115	1948	sút
24116	1949	sĩ_quan
24121	1950	sơ_mi
24122	1951	sư
24123	1952	sưu_tầm
24124	1953	sưu_tập
24125	1954	sương
24126	1955	sướng
24131	1956	sưởi
24132	1957	sạch
24133	1958	sạch_sẽ
24134	1959	sạn
24135	1960	sản_phẩm
24136	1961	sản_xuất
24141	1962	sấu
24142	1963	sập
24143	1964	sắc_đẹp
24144	1965	sắp_xếp
24145	1966	sắt
24146	1967	sẵn
24151	1968	sẵn_lòng
24152	1969	sẵn_sàng
24153	1970	sẻ
24154	1971	sếp
24155	1972	sọc
24156	1973	số_học
24161	1974	số_lượng
24162	1975	số_nguyên
24163	1976	số_phận
24164	1977	sống_sót
24165	1978	sốt
24166	1979	sổ
24211	1980	sờ
24212	1981	sở
24213	1982	sở_hữu
24214	1983	sở_thích
24215	1984	sở_thú
24216	1985	sợ
24221	1986	sợ_hãi
24222	1987	sợi
24223	1988	sụp
24224	1989	sụp_đổ
24225	1990	sụt
24226	1991	sức
24231	1992	sức_khoẻ
24232	1993	sức_mạnh
24233	1994	sừng
24234	1995	sử_dụng
24235	1996	sửa_chữa
24236	1997	sự_cố
24241	1998	sự_kiện
24242	1999	sự_nghiệp
24243	2000	sự_thật
24244	2001	sự_việc
24245	2002	sự_vật
24246	2003	tai
24251	2004	tai_nghe
24252	2005	tai_nạn
24253	2006	tam_giác
24254	2007	tan
24255	2008	tan_nát
24256	2009	tay
24261	2010	tay_áo
24262	2011	tha
24263	2012	tha_thứ
24264	2013	thai
24265	2014	tham
24266	2015	tham_dự
24311	2016	tham_gia
24312	2017	tham_quan
24313	2018	tham_vọng
24314	2019	than
24315	2020	than_phiền
24316	2021	thang
24321	2022	thang_máy
24322	2023	thanh_toán
24323	2024	thao_tác
24324	2025	thay
24325	2026	thay_thế
24326	2027	thay_đổi
24331	2028	the
24332	2029	theo
24333	2030	theo_dõi
24334	2031	theo_đuổi
24335	2032	thiên_nhiên
24336	2033	thiên_thần
24341	2034	thiên_tài
24342	2035	thiên_văn
24343	2036	thiêng
24344	2037	thiết
24345	2038	thiết_bị
24346	2039	thiết_kế
24351	2040	thiếu
24352	2041	thiền
24353	2042	thiệp
24354	2043	thiệt
24355	2044	thiệt_hại
24356	2045	thiệt_mạng
24361	2046	thoát
24362	2047	thoại
24363	2048	thoải_mái
24364	2049	thoảng
24365	2050	thu_hoạch
24366	2051	thu_hút
24411	2052	thu_nhập
24412	2053	thu_thập
24413	2054	thu_xếp
24414	2055	thua
24415	2056	thung_lũng
24416	2057	thuyết
24421	2058	thuyết_phục
24422	2059	thuyết_trình
24423	2060	thuyền_trưởng
24424	2061	thuê
24425	2062	thuần
24426	2063	thuận_lợi
24431	2064	thuế
24432	2065	thuốc_lá
24433	2066	thuộc
24434	2067	thuộc_địa
24435	2068	thành_công
24436	2069	thành_lập
24441	2070	thành_niên
24442	2071	thành_thạo
24443	2072	thành_thật
24444	2073	thành_tích
24445	2074	thành_tựu
24446	2075	thành_viên
24451	2076	thách
24452	2077	thách_thức
24453	2078	thái_độ
24454	2079	tháng
24455	2080	thánh
24456	2081	tháo
24461	2082	tháp
24462	2083	thâm_hụt
24463	2084	thân_hình
24464	2085	thân_mình
24465	2086	thân_thiết
24466	2087	thân_thiện
24511	2088	thân_thể
24512	2089	thèm
24513	2090	thêm
24514	2091	thì
24515	2092	thì_giờ
24516	2093	thì_thầm
24521	2094	thí
24522	2095	thí_nghiệm
24523	2096	thích_hợp
24524	2097	thích_nghi
24525	2098	thích_thú
24526	2099	thính_giác
24531	2100	thói
24532	2101	thói_quen
24533	2102	thô
24534	2103	thô_lỗ
24535	2104	thôn
24536	2105	thông_báo
24541	2106	thông_dịch
24542	2107	thông_minh
24543	2108	thông_qua
24544	2109	thông_thường
24545	2110	thông_thạo
24546	2111	thông_tin
24551	2112	thông_điệp
24552	2113	thù
24553	2114	thùng
24554	2115	thú_nhận
24555	2116	thú_vui
24556	2117	thú_vị
24561	2118	thúc
24562	2119	thúc_đẩy
24563	2120	thăm
24564	2121	thơ_ấu
24565	2122	thư_ký
24566	2123	thư_pháp
24611	2124	thư_viện
24612	2125	thưa
24613	2126	thương_hại
24614	2127	thương_mại
24615	2128	thương_tiếc
24616	2129	thước
24621	2130	thường_thức
24622	2131	thường_xuyên
24623	2132	thưởng_thức
24624	2133	thượng
24625	2134	thải
24626	2135	thảm
24631	2136	thảm_họa
24632	2137	thảo_luận
24633	2138	thấp
24634	2139	thất
24635	2140	thất_bại
24636	2141	thất_nghiệp
24641	2142	thất_vọng
24642	2143	thấu
24643	2144	thấy
24644	2145	thần_linh
24645	2146	thần_thoại
24646	2147	thầy_giáo
24651	2148	thầy_thuốc
24652	2149	thẩm_phán
24653	2150	thận
24654	2151	thận_trọng
24655	2152	thật
24656	2153	thật_lòng
24661	2154	thật_thà
24662	2155	thắc_mắc
24663	2156	thắng_lợi
24664	2157	thắt
24665	2158	thắt_lưng
24666	2159	thẳng_thắn
25111	2160	thế
25112	2161	thế_giới
25113	2162	thế_hệ
25114	2163	thế_kỷ
25115	2164	thế_lực
25116	2165	thề
25121	2166	thể_hiện
25122	2167	thể_thao
25123	2168	thị_chính
25124	2169	thị_thực
25125	2170	thị_trường
25126	2171	thị_trưởng
25131	2172	thị_trấn
25132	2173	thịt
25133	2174	thỏa
25134	2175	thỏa_mãn
25135	2176	thỏa_thuận
25136	2177	thỏa_thích
25141	2178	thối
25142	2179	thống
25143	2180	thống_kê
25144	2181	thổ_lộ
25145	2182	thổi
25146	2183	thời_gian
25151	2184	thời_kỳ
25152	2185	thời_tiết
25153	2186	thời_trang
25154	2187	thời_điểm
25155	2188	thời_đại
25156	2189	thở
25161	2190	thở_dài
25162	2191	thợ
25163	2192	thụ
25164	2193	thủ
25165	2194	thủ_công
25166	2195	thủ_trưởng
25211	2196	thủ_tướng
25212	2197	thủ_tục
25213	2198	thủ_đô
25214	2199	thứ_tự
25215	2200	thức
25216	2201	thức_dậy
25221	2202	thức_giấc
25222	2203	thức_uống
25223	2204	thức_ăn
25224	2205	thừa_kế
25225	2206	thừa_nhận
25226	2207	thử
25231	2208	thử_thách
25232	2209	thực
25233	2210	thực_hiện
25234	2211	thực_phẩm
25235	2212	thực_thi
25236	2213	thực_tiễn
25241	2214	thực_tại
25242	2215	thực_tế
25243	2216	thực_vật
25244	2217	tia
25245	2218	tim
25246	2219	tin
25251	2220	tin_cậy
25252	2221	tin_nhắn
25253	2222	tin_tưởng
25254	2223	tin_tức
25255	2224	tin_đồn
25256	2225	tinh_thần
25261	2226	tinh_tế
25262	2227	tiêm
25263	2228	tiên_tri
25264	2229	tiên_đoán
25265	2230	tiêu_chuẩn
25266	2231	tiêu_thụ
25311	2232	tiếc
25312	2233	tiến_bộ
25313	2234	tiến_hành
25314	2235	tiến_triển
25315	2236	tiếng
25316	2237	tiếng_nói
25321	2238	tiếng_động
25322	2239	tiếng_ồn
25323	2240	tiếp
25324	2241	tiếp_theo
25325	2242	tiếp_tục
25326	2243	tiếp_xúc
25331	2244	tiết_kiệm
25332	2245	tiết_lộ
25333	2246	tiền
25334	2247	tiền_bạc
25335	2248	tiền_của
25336	2249	tiền_lương
25341	2250	tiền_lẻ
25342	2251	tiền_mặt
25343	2252	tiểu
25344	2253	tiểu_thuyết
25345	2254	tiễn
25346	2255	tiệc
25351	2256	tiệm
25352	2257	tiện
25353	2258	to
25354	2259	to_lớn
25355	2260	toàn_bộ
25356	2261	toàn_cầu
25361	2262	toàn_quốc
25362	2263	toán
25363	2264	toán_học
25364	2265	tra
25365	2266	trai
25366	2267	trang_sức
25411	2268	trang_trí
25412	2269	trang_trại
25413	2270	trang_web
25414	2271	trang_điểm
25415	2272	tranh
25416	2273	tranh_cãi
25421	2274	tranh_luận
25422	2275	trao
25423	2276	trao_đổi
25424	2277	treo
25425	2278	trinh
25426	2279	trinh_thám
25431	2280	triết_học
25432	2281	triển_lãm
25433	2282	triệu_chứng
25434	2283	tro
25435	2284	trong
25436	2285	trong_suốt
25441	2286	trung_học
25442	2287	trung_tâm
25443	2288	trung_ương
25444	2289	truy
25445	2290	truy_cập
25446	2291	truyền
25451	2292	truyền_thông
25452	2293	truyền_thống
25453	2294	truyền_đạt
25454	2295	truyện
25455	2296	truyện_tranh
25456	2297	tràn
25461	2298	tràn_ngập
25462	2299	trào
25463	2300	trá
25464	2301	trách
25465	2302	trách_nhiệm
25466	2303	trái_cây
25511	2304	trái_ngược
25512	2305	trán
25513	2306	tráng
25514	2307	tráng_miệng
25515	2308	tránh
25516	2309	trân_trọng
25521	2310	trên
25522	2311	trêu
25523	2312	trì_hoãn
25524	2313	trình_bày
25525	2314	trình_cắm
25526	2315	trí_nhớ
25531	2316	trí_tuệ
25532	2317	trích_dẫn
25533	2318	trò_chuyện
25534	2319	trò_chơi
25535	2320	tròn
25536	2321	trói
25541	2322	trôi_chảy
25542	2323	trông
25543	2324	trông_cậy
25544	2325	trông_thấy
25545	2326	trùm
25546	2327	trùng
25551	2328	trú
25552	2329	trúng
25553	2330	trút
25554	2331	trăm_năm
25555	2332	trăng
25556	2333	trăng_tròn
25561	2334	trơn
25562	2335	trưa
25563	2336	trưng_bày
25564	2337	trước_mắt
25565	2338	trường_hợp
25566	2339	trưởng
25611	2340	trưởng_thành
25612	2341	trượt
25613	2342	trượt_băng
25614	2343	trượt_tuyết
25615	2344	trạm
25616	2345	trạng_thái
25621	2346	trả
25622	2347	trả_giá
25623	2348	trả_lại
25624	2349	trả_lời
25625	2350	trả_thù
25626	2351	trải
25631	2352	trải_nghiệm
25632	2353	trải_qua
25633	2354	trấn_an
25634	2355	trầm_trọng
25635	2356	trận
25636	2357	trật_tự
25641	2358	trắng
25642	2359	trặc
25643	2360	trẻ
25644	2361	trẻ_con
25645	2362	trẻ_em
25646	2363	trẻ_trung
25651	2364	trễ
25652	2365	trọng_đại
25653	2366	trốn
25654	2367	trống
25655	2368	trồng
25656	2369	trộn
25661	2370	trời
25662	2371	trời_đất
25663	2372	trở_lại
25664	2373	trở_ngại
25665	2374	trở_nên
25666	2375	trở_thành
26111	2376	trở_về
26112	2377	trợ_giúp
26113	2378	trợ_lý
26114	2379	trụ
26115	2380	trục
26116	2381	trục_trặc
26121	2382	trứng
26122	2383	trừ
26123	2384	trừng
26124	2385	trừng_phạt
26125	2386	trữ
26126	2387	trực_giác
26131	2388	trực_tiếp
26132	2389	tu
26133	2390	tung
26134	2391	tuyên_bố
26135	2392	tuyến
26136	2393	tuyệt
26141	2394	tuyệt_chủng
26142	2395	tuyệt_vọng
26143	2396	tuyệt_vời
26144	2397	tuyệt_đối
26145	2398	tuân
26146	2399	tuần_hoàn
26151	2400	tuổi
26152	2401	tuổi_thơ
26153	2402	tuổi_tác
26154	2403	tài_chính
26155	2404	tài_khoản
26156	2405	tài_liệu
26161	2406	tài_nguyên
26162	2407	tài_năng
26163	2408	tài_sản
26164	2409	tài_trợ
26165	2410	tàn
26166	2411	tàn_nhẫn
26211	2412	tàn_phá
26212	2413	tàu_hỏa
26213	2414	tàu_điện
26214	2415	tá
26215	2416	tác_dụng
26216	2417	tác_giả
26221	2418	tác_phẩm
26222	2419	tách
26223	2420	tách_rời
26224	2421	tái
26225	2422	tám
26226	2423	tán
26231	2424	tán_thành
26232	2425	tán_tỉnh
26233	2426	tát
26234	2427	tâm_hồn
26235	2428	tâm_trí
26236	2429	té
26241	2430	tên_lửa
26242	2431	tìm
26243	2432	tìm_hiểu
26244	2433	tìm_kiếm
26245	2434	tìm_thấy
26246	2435	tình_bạn
26251	2436	tình_cảm
26252	2437	tình_cờ
26253	2438	tình_dục
26254	2439	tình_huống
26255	2440	tình_hình
26256	2441	tình_nguyện
26261	2442	tình_thế
26262	2443	tình_trạng
26263	2444	tình_yêu
26264	2445	tích_cực
26265	2446	tín_dụng
26266	2447	tín_hiệu
26311	2448	tính
26312	2449	tính_cách
26313	2450	tính_toán
26314	2451	tò_mò
26315	2452	tòa
26316	2453	tòa_án
26321	2454	tóc
26322	2455	tóm
26323	2456	tôm
26324	2457	tôn_thờ
26325	2458	tôn_trọng
26326	2459	tù
26331	2460	túi
26332	2461	túi_xách
26333	2462	túng
26334	2463	tăng_cường
26335	2464	tĩnh_mạch
26336	2465	tơ
26341	2466	tư_cách
26342	2467	tư_duy
26343	2468	tư_tưởng
26344	2469	tươi
26345	2470	tương
26346	2471	tương_lai
26351	2472	tương_thích
26352	2473	tương_tự
26353	2474	tương_đương
26354	2475	tương_đối
26355	2476	tương_ứng
26356	2477	tưới
26361	2478	tướng
26362	2479	tường
26363	2480	tưởng_tượng
26364	2481	tại_chỗ
26365	2482	tạm
26366	2483	tạm_thời
26411	2484	tạo_hóa
26412	2485	tạo_thành
26413	2486	tạp
26414	2487	tạp_chí
26415	2488	tải_xuống
26416	2489	tảng
26421	2490	tấn_công
26422	2491	tầm
26423	2492	tầm_nhìn
26424	2493	tầng
26425	2494	tẩy
26426	2495	tận_dụng
26431	2496	tận_hưởng
26432	2497	tập
26433	2498	tập_hợp
26434	2499	tập_quán
26435	2500	tập_thể
26436	2501	tập_trung
26441	2502	tắc
26442	2503	tắc_xi
26443	2504	tắm
26444	2505	tắt
26445	2506	tặc
26446	2507	tặng
26451	2508	tế
26452	2509	tế_bào
26453	2510	tỉnh
26454	2511	tỉnh_dậy
26455	2512	tỉnh_táo
26456	2513	tị_nạn
26461	2514	tịch
26462	2515	tỏ_ra
26463	2516	tỏa
26464	2517	tỏa_sáng
26465	2518	tố
26466	2519	tốc_độ
26511	2520	tối
26512	2521	tối_thiểu
26513	2522	tối_đa
26514	2523	tốn
26515	2524	tốn_kém
26516	2525	tốt_bụng
26521	2526	tốt_nghiệp
26522	2527	tốt_đẹp
26523	2528	tồi
26524	2529	tồi_tệ
26525	2530	tồn
26526	2531	tồn_tại
26531	2532	tổ
26532	2533	tổ_chức
26533	2534	tổn_thương
26534	2535	tổng_cộng
26535	2536	tổng_hợp
26536	2537	tội_phạm
26541	2538	tới
26542	2539	tờ
26543	2540	tụ
26544	2541	tụi
26545	2542	tủ
26546	2543	tủ_lạnh
26551	2544	tức
26552	2545	tức_giận
26553	2546	tức_là
26554	2547	từ_bỏ
26555	2548	từ_chối
26556	2549	từ_chức
26561	2550	từ_ngữ
26562	2551	từ_thiện
26563	2552	từ_từ
26564	2553	từ_điển
26565	2554	từng
26566	2555	từng_trải
26611	2556	tử_hình
26612	2557	tử_tế
26613	2558	tử_vong
26614	2559	tự_do
26615	2560	tự_hào
26616	2561	tự_sát
26621	2562	tự_tin
26622	2563	tự_tử
26623	2564	tự_vệ
26624	2565	tự_động
26625	2566	tỷ_lệ
26626	2567	ung
26631	2568	ung_thư
26632	2569	uy
26633	2570	uống
26634	2571	va_li
26635	2572	vai
26636	2573	vai_trò
26641	2574	vay
26642	2575	ven_biển
26643	2576	vi_phạm
26644	2577	vinh_dự
26645	2578	viêm
26646	2579	viết
26651	2580	viết_lách
26652	2581	viết_tắt
26653	2582	việc
26654	2583	việc_gì
26655	2584	việc_làm
26656	2585	voi
26661	2586	vua
26662	2587	vui_chơi
26663	2588	vui_lòng
26664	2589	vui_mừng
26665	2590	vui_sướng
26666	2591	vui_vẻ
31111	2592	vuông
31112	2593	và
31113	2594	vàng
31114	2595	vào
31115	2596	vác
31116	2597	ván
31121	2598	váy
31122	2599	vâng
31123	2600	vây
31124	2601	vé
31125	2602	vé_số
31126	2603	ví_dụ
31131	2604	vòi
31132	2605	vô
31133	2606	vô_cùng
31134	2607	vô_dụng
31135	2608	vô_giá
31136	2609	vô_hạn
31141	2610	vô_nghĩa
31142	2611	vô_phương
31143	2612	vô_số
31144	2613	vô_thần
31145	2614	vô_tình
31146	2615	vô_tận
31151	2616	vô_tội
31152	2617	vô_ích
31153	2618	vùng
31154	2619	vú
31155	2620	văn_bản
31156	2621	văn_phòng
31161	2622	vĩ_đại
31162	2623	vũ_khí
31163	2624	vũ_trụ
31164	2625	vương_quốc
31165	2626	vườn
31166	2627	vượt
31211	2628	vượt_qua
31212	2629	vả
31213	2630	vải
31214	2631	vấn
31215	2632	vấn_đề
31216	2633	vất_vả
31221	2634	vần
31222	2635	vẫy
31223	2636	vận
31224	2637	vận_chuyển
31225	2638	vận_hành
31226	2639	vận_động
31231	2640	vật_chất
31232	2641	vật_lý
31233	2642	vật_thể
31234	2643	vắng
31235	2644	vắng_mặt
31236	2645	vặn
31241	2646	vặt
31242	2647	vẻ
31243	2648	vết
31244	2649	vết_thương
31245	2650	về
31246	2651	vệ
31251	2652	vệ_sinh
31252	2653	vệ_tinh
31253	2654	vị_trí
31254	2655	vịnh
31255	2656	vịt
31256	2657	vỏ
31261	2658	vốn
31262	2659	vỗ_tay
31263	2660	vội_vàng
31264	2661	vờ
31265	2662	vở
31266	2663	vỡ
31311	2664	vợ
31312	2665	vợ_chồng
31313	2666	vợt
31314	2667	vụ_việc
31315	2668	vứt
31316	2669	vừa
31321	2670	vừa_lòng
31322	2671	vững
31323	2672	vực
31324	2673	xa_lạ
31325	2674	xa_xôi
31326	2675	xanh_dương
31331	2676	xe_buýt
31332	2677	xe_hơi
31333	2678	xe_lửa
31334	2679	xe_máy
31335	2680	xe_tải
31336	2681	xe_điện
31341	2682	xe_đạp
31342	2683	xem
31343	2684	xem_thường
31344	2685	xem_xét
31345	2686	xi
31346	2687	xin
31351	2688	xin_lỗi
31352	2689	xinh
31353	2690	xinh_xắn
31354	2691	xinh_đẹp
31355	2692	xoay
31356	2693	xong
31361	2694	xu
31362	2695	xu_hướng
31363	2696	xung_quanh
31364	2697	xung_đột
31365	2698	xuất_bản
31366	2699	xuất_chúng
31411	2700	xuất_hiện
31412	2701	xuất_phát
31413	2702	xuất_sắc
31414	2703	xuất_thân
31415	2704	xuất_tinh
31416	2705	xuống
31421	2706	xà_phòng
31422	2707	xài
31423	2708	xá
31424	2709	xác
31425	2710	xác_nhận
31426	2711	xác_định
31431	2712	xách
31432	2713	xám
31433	2714	xâm_phạm
31434	2715	xây
31435	2716	xây_dựng
31436	2717	xé
31441	2718	xì
31442	2719	xì_gà
31443	2720	xích
31444	2721	xóa
31445	2722	xóm
31446	2723	xót
31451	2724	xô
31452	2725	xôi
31453	2726	xông
31454	2727	xúc
31455	2728	xúc_phạm
31456	2729	xưa
31461	2730	xương
31462	2731	xướng
31463	2732	xưởng
31464	2733	xấu
31465	2734	xấu_hổ
31466	2735	xấu_xí
31511	2736	xắn
31512	2737	xếp
31513	2738	xếp_hàng
31514	2739	xứng
31515	2740	xứng_đáng
31516	2741	xử
31521	2742	xử_lý
31522	2743	y_hệt
31523	2744	y_tế
31524	2745	yên_lặng
31525	2746	yêu
31526	2747	yêu_cầu
31531	2748	yêu_quý
31532	2749	yêu_thích
31533	2750	yêu_thương
31534	2751	yếu
31535	2752	yếu_tố
31536	2753	yếu_đuối
31541	2754	ào
31542	2755	ác_mộng
31543	2756	ác_quỷ
31544	2757	ám
31545	2758	ám_chỉ
31546	2759	ám_ảnh
31551	2760	ánh_sáng
31552	2761	áo_khoác
31553	2762	áp_dụng
31554	2763	áp_suất
31555	2764	âm_mưu
31556	2765	âm_nhạc
31561	2766	âm_thanh
31562	2767	ép
31563	2768	êm
31564	2769	ích
31565	2770	ích_kỷ
31566	2771	ô_nhiễm
31611	2772	ô_tô
31612	2773	ôi
31613	2774	ôn_tập
31614	2775	ông_chủ
31615	2776	ông_cụ
31616	2777	ý_chí
31621	2778	ý_kiến
31622	2779	ý_nghĩ
31623	2780	ý_nghĩa
31624	2781	ý_tưởng
31625	2782	ý_tứ
31626	2783	ý_định
31631	2784	ý_đồ
31632	2785	ăn_chay
31633	2786	ăn_cơm
31634	2787	ăn_cắp
31635	2788	ăn_diện
31636	2789	ăn_mặc
31641	2790	ăn_mừng
31642	2791	ăn_nói
31643	2792	ăn_trộm
31644	2793	ăn_uống
31645	2794	ăn_ở
31646	2795	đa
31651	2796	đa_dạng
31652	2797	đa_số
31653	2798	đam_mê
31654	2799	đau
31655	2800	đau_buồn
31656	2801	đau_khổ
31661	2802	đau_đầu
31662	2803	đau_đớn
31663	2804	đe
31664	2805	đe_dọa
31665	2806	đem
31666	2807	đen
32111	2808	đi_bộ
32112	2809	đi_chơi
32113	2810	đi_dạo
32114	2811	đi_làm
32115	2812	đi_vào
32116	2813	đi_vắng
32121	2814	điên
32122	2815	điềm
32123	2816	điều
32124	2817	điều_hành
32125	2818	điều_hòa
32126	2819	điều_kiện
32131	2820	điều_tra
32132	2821	điều_trị
32133	2822	điều_độ
32134	2823	điểm_tâm
32135	2824	điển
32136	2825	điển_hình
32141	2826	điện_máy
32142	2827	điện_thoại
32143	2828	điện_ảnh
32144	2829	điệu
32145	2830	đo
32146	2831	đoàn_kết
32151	2832	đoán
32152	2833	đua
32153	2834	đun
32154	2835	đuôi
32155	2836	đuối
32156	2837	đuổi
32161	2838	đuổi_theo
32162	2839	đà
32163	2840	đàn_bà
32164	2841	đàn_ông
32165	2842	đành
32166	2843	đày
32211	2844	đá_bóng
32212	2845	đái
32213	2846	đám
32214	2847	đám_cưới
32215	2848	đám_đông
32216	2849	đáng
32221	2850	đáng_kể
32222	2851	đáng_sợ
32223	2852	đáng_thương
32224	2853	đáng_yêu
32225	2854	đánh_bại
32226	2855	đánh_giá
32231	2856	đánh_lừa
32232	2857	đánh_nhau
32233	2858	đánh_răng
32234	2859	đánh_thức
32235	2860	đánh_vần
32236	2861	đánh_đổi
32241	2862	đáp
32242	2863	đáp_án
32243	2864	đáp_ứng
32244	2865	đâm
32245	2866	đã
32246	2867	đãi
32251	2868	đè
32252	2869	đèn
32253	2870	đèn_pin
32254	2871	đêm
32255	2872	đình
32256	2873	đình_công
32261	2874	đích
32262	2875	đính_hôn
32263	2876	đòi_hỏi
32264	2877	đòn
32265	2878	đó
32266	2879	đói
32311	2880	đón
32312	2881	đóng_băng
32313	2882	đóng_góp
32314	2883	đô_la
32315	2884	đôi
32316	2885	đông_đúc
32321	2886	đùa
32322	2887	đúc
32323	2888	đúng
32324	2889	đúng_đắn
32325	2890	đăng
32326	2891	đăng_ký
32331	2892	đĩa
32332	2893	đũa
32333	2894	đơn_giản
32334	2895	đưa
32335	2896	đưa_ra
32336	2897	đương_nhiên
32341	2898	đường_phố
32342	2899	đạc
32343	2900	đại_biểu
32344	2901	đại_bàng
32345	2902	đại_diện
32346	2903	đại_dương
32351	2904	đại_dịch
32352	2905	đại_lộ
32353	2906	đại_số
32354	2907	đại_sứ
32355	2908	đại_từ
32356	2909	đạo_diễn
32361	2910	đạo_đức
32362	2911	đạp
32363	2912	đả
32364	2913	đảm_bảo
32365	2914	đảo
32366	2915	đảo_ngược
32411	2916	đấm
32412	2917	đất_nước
32413	2918	đất_đai
32414	2919	đấu
32415	2920	đầu
32416	2921	đầu_bếp
32421	2922	đầu_gối
32422	2923	đầu_hàng
32423	2924	đầu_tiên
32424	2925	đầu_tư
32425	2926	đầu_vào
32426	2927	đầu_óc
32431	2928	đầy
32432	2929	đầy_đủ
32433	2930	đẩy
32434	2931	đậm
32435	2932	đập
32436	2933	đắm
32441	2934	đắp
32442	2935	đắt
32443	2936	đắt_đỏ
32444	2937	đằng
32445	2938	đẳng
32446	2939	đặc
32451	2940	đặc_biệt
32452	2941	đặt
32453	2942	đặt_hàng
32454	2943	đặt_tên
32455	2944	đẹp
32456	2945	đẹp_trai
32461	2946	đẹp_đẽ
32462	2947	đế
32463	2948	đếm
32464	2949	đến
32465	2950	đến_mức
32466	2951	đề_cập
32511	2952	đề_nghị
32512	2953	đề_phòng
32513	2954	đề_tài
32514	2955	đề_xuất
32515	2956	đền
32516	2957	đều
32521	2958	để_dành
32522	2959	để_mắt
32523	2960	để_tâm
32524	2961	để_ý
32525	2962	địa_chỉ
32526	2963	địa_hình
32531	2964	địa_phương
32532	2965	địa_điểm
32533	2966	địch
32534	2967	định_kiến
32535	2968	định_nghĩa
32536	2969	đọc
32541	2970	đỏ
32542	2971	đố
32543	2972	đối
32544	2973	đối_chiếu
32545	2974	đối_diện
32546	2975	đối_lập
32551	2976	đối_phương
32552	2977	đối_thủ
32553	2978	đối_xử
32554	2979	đống
32555	2980	đốt
32556	2981	đồ_chơi
32561	2982	đồ_uống
32562	2983	đồ_ăn
32563	2984	đồ_đạc
32564	2985	đồi
32565	2986	đồn
32566	2987	đồng_bộ
32611	2988	đồng_chí
32612	2989	đồng_cảm
32613	2990	đồng_hành
32614	2991	đồng_hồ
32615	2992	đồng_nghĩa
32616	2993	đồng_phục
32621	2994	đồng_tình
32622	2995	đồng_ý
32623	2996	đổi
32624	2997	đổi_thay
32625	2998	độc_giả
32626	2999	độc_lập
32631	3000	độc_thân
32632	3001	độc_đáo
32633	3002	đội_tuyển
32634	3003	động
32635	3004	động_cơ
32636	3005	động_lực
32641	3006	động_từ
32642	3007	động_viên
32643	3008	động_vật
32644	3009	động_đất
32645	3010	đột_nhập
32646	3011	đới
32651	3012	đời
32652	3013	đời_sống
32653	3014	đợi
32654	3015	đợt
32655	3016	đụng
32656	3017	đủ
32661	3018	đứa_bé
32662	3019	đứng
32663	3020	đứng_dậy
32664	3021	đứt
32665	3022	đừng
32666	3023	đựng
33111	3024	ơn
33112	3025	ưa
33113	3026	ưa_thích
33114	3027	ưu_đãi
33115	3028	ương
33116	3029	ước_mơ
33121	3030	ước_tính
33122	3031	ướt
33123	3032	ảnh
33124	3033	ảnh_hưởng
33125	3034	ấm_áp
33126	3035	ấn_tượng
33131	3036	ấu
33132	3037	ầm
33133	3038	ẩm
33134	3039	ẩm_thực
33135	3040	ẩn_giấu
33136	3041	ếch
33141	3042	ốc
33142	3043	ốm
33143	3044	ống
33144	3045	ổ_chuột
33145	3046	ổn
33146	3047	ổn_định
33151	3048	ở_không
33152	3049	ở_lại
33153	3050	ủi
33154	3051	ủng
33155	3052	ủng_hộ
33156	3053	ứng
33161	3054	ứng_cử
33162	3055	ứng_dụng
33163	3056	ứng_xử
33164	0	album
33165	1	an_ninh
33166	2	an_toàn
33211	3	an_ủi
33212	4	anh_em
33213	5	anh_hùng
33214	6	ao
33215	7	ba
33216	8	ban_ngày
33221	9	ban_đêm
33222	10	ban_đầu
33223	11	banh
33224	12	bao_gồm
33225	13	bao_phủ
33226	14	bao_quanh
33231	15	bay
33232	16	be
33233	17	bi_quan
33234	18	bia
33235	19	binh
33236	20	biên_dịch
33241	21	biến_mất
33242	22	biến_đổi
33243	23	biết
33244	24	biết_điều
33245	25	biết_ơn
33246	26	biển
33251	27	biển_báo
33252	28	biểu_diễn
33253	29	biểu_tình
33254	30	biểu_tượng
33255	31	biện
33256	32	biện_hộ
33261	33	biệt
33262	34	buồn
33263	35	buồn_cười
33264	36	buồn_ngủ
33265	37	buồn_phiền
33266	38	buổi
33311	39	buổi_chiều
33312	40	buổi_sáng
33313	41	buổi_trưa
33314	42	buổi_tối
33315	43	buộc
33316	44	buộc_tội
33321	45	bà
33322	46	bà_nội
33323	47	bài
33324	48	bài_giảng
33325	49	bài_hát
33326	50	bài_học
33331	51	bài_thơ
33332	52	bài_tập
33333	53	bài_viết
33334	54	bàn
33335	55	bàn_bạc
33336	56	bàn_chân
33341	57	bàn_luận
33342	58	bàn_tay
33343	59	bàng
33344	60	bào
33345	61	bày
33346	62	bày_tỏ
33351	63	bác_bỏ
33352	64	bác_sĩ
33353	65	bác_sỹ
33354	66	bám
33355	67	bán
33356	68	bán_chạy
33361	69	bánh
33362	70	bánh_mì
33363	71	bánh_ngọt
33364	72	bánh_quy
33365	73	bánh_xe
33366	74	báo_chí
33411	75	báo_cáo
33412	76	báo_thức
33413	77	bãi
33414	78	bãi_biển
33415	79	bãi_bỏ
33416	80	bãi_cỏ
33421	81	bè
33422	82	bén
33423	83	béo
33424	84	bê
33425	85	bên
33426	86	bên_cạnh
33431	87	bên_ngoài
33432	88	bì
33433	89	bình_luận
33434	90	bình_thường
33435	91	bình_tĩnh
33436	92	bình_đẳng
33441	93	bí_mật
33442	94	bí_quyết
33443	95	bí_ẩn
33444	96	bò
33445	97	bó
33446	98	bóc
33451	99	bóng_chuyền
33452	100	bóng_chày
33453	101	bóng_rổ
33454	102	bóng_tối
33455	103	bóng_đá
33456	104	bóp
33461	105	bù
33462	106	búa
33463	107	búp
33464	108	búp_bê
33465	109	bút
33466	110	bút_chì
33511	111	băng
33512	112	băng_hà
33513	113	bơi_lội
33514	114	bưu_điện
33515	115	bước
33516	116	bạ
33521	117	bại
33522	118	bạn_bè
33523	119	bạn_gái
33524	120	bạn_thân
33525	121	bạn_đọc
33526	122	bạo_lực
33531	123	bả
33532	124	bản_chất
33533	125	bản_gốc
33534	126	bản_ngữ
33535	127	bản_nhạc
33536	128	bản_năng
33541	129	bản_xứ
33542	130	bản_đồ
33543	131	bảng
33544	132	bảng_đen
33545	133	bảo_hiểm
33546	134	bảo_quản
33551	135	bảo_vệ
33552	136	bấm
33553	137	bất_chấp
33554	138	bất_công
33555	139	bất_cẩn
33556	140	bất_hạnh
33561	141	bất_kỳ
33562	142	bất_lực
33563	143	bất_mãn
33564	144	bất_ngờ
33565	145	bất_tỉnh
33566	146	bất_tử
33611	147	bấy
33612	148	bầu_cử
33613	149	bầu_trời
33614	150	bẩn
33615	151	bẫy
33616	152	bậc
33621	153	bận_rộn
33622	154	bắp
33623	155	bắt
33624	156	bắt_buộc
33625	157	bắt_cóc
33626	158	bắt_giữ
33631	159	bắt_gặp
33632	160	bắt_nguồn
33633	161	bắt_tay
33634	162	bắt_đầu
33635	163	bằng_chứng
33636	164	bẻ
33641	165	bế
33642	166	bến_xe
33643	167	bếp
33644	168	bề
33645	169	bề_mặt
33646	170	bề_ngoài
33651	171	bền
33652	172	bền_vững
33653	173	bể_bơi
33654	174	bệnh
33655	175	bệnh_nhân
33656	176	bệnh_tật
33661	177	bệnh_viện
33662	178	bị
33663	179	bị_cáo
33664	180	bọc
33665	181	bỏ
33666	182	bỏ_cuộc
34111	183	bỏ_lỡ
34112	184	bỏ_phiếu
34113	185	bỏ_qua
34114	186	bỏ_rơi
34115	187	bỏng
34116	188	bỏng_ngô
34121	189	bố
34122	190	bố_mẹ
34123	191	bối_cảnh
34124	192	bối_rối
34125	193	bồ_câu
34126	194	bồi
34131	195	bồi_bàn
34132	196	bổn_phận
34133	197	bộ_phận
34134	198	bộ_trưởng
34135	199	bộ_đồ
34136	200	bột
34141	201	bớt
34142	202	bờ
34143	203	bụi
34144	204	bụng
34145	205	bức
34146	206	bừa
34151	207	bữa
34152	208	bữa_ăn
34153	209	bực
34154	210	bực_bội
34155	211	ca_sĩ
34156	212	cai_trị
34161	213	cam_kết
34162	214	can_thiệp
34163	215	can_đảm
34164	216	cao_cấp
34165	217	cao_su
34166	218	cao_ốc
34211	219	cay
34212	220	cha_mẹ
34213	221	chanh
34214	222	chay
34215	223	che
34216	224	che_giấu
34221	225	che_đậy
34222	226	chi_phí
34223	227	chi_tiết
34224	228	chi_trả
34225	229	chia
34226	230	chia_buồn
34231	231	chia_sẻ
34232	232	chia_tay
34233	233	chinh_phục
34234	234	chiêm_ngưỡng
34235	235	chiếm
34236	236	chiến_dịch
34241	237	chiến_thắng
34242	238	chiến_đấu
34243	239	chiếu
34244	240	chiều
34245	241	cho
34246	242	cho_biết
34251	243	cho_là
34252	244	cho_phép
34253	245	cho_rằng
34254	246	chui
34255	247	chuyên
34256	248	chuyên_gia
34261	249	chuyên_nghiệp
34262	250	chuyên_ngành
34263	251	chuyến
34264	252	chuyến_bay
34265	253	chuyền
34266	254	chuyển_động
34311	255	chuông
34312	256	chuẩn
34313	257	chuẩn_bị
34314	258	chuồn
34315	259	chuồng
34316	260	chuỗi
34321	261	chuộc
34322	262	chuộng
34323	263	chuột
34324	264	chà
34325	265	chàng_trai
34326	266	chào
34331	267	chào_hỏi
34332	268	chào_mừng
34333	269	chào_đón
34334	270	chày
34335	271	chán
34336	272	chán_nản
34341	273	cháu
34342	274	châm
34343	275	chân_thành
34344	276	chân_thật
34345	277	chân_trời
34346	278	chén
34351	279	chéo
34352	280	chê
34353	281	chì
34354	282	chìa_khóa
34355	283	chìm
34356	284	chí
34361	285	chín
34362	286	chính
34363	287	chính_phủ
34364	288	chính_quyền
34365	289	chính_sách
34366	290	chính_thức
34411	291	chính_trị
34412	292	chính_tả
34413	293	chính_xác
34414	294	chính_đáng
34415	295	chó_sói
34416	296	chói
34421	297	chóng_mặt
34422	298	chôn
34423	299	chôn_cất
34424	300	chùa
34425	301	chùm
34426	302	chú_ý
34431	303	chúc
34432	304	chúc_mừng
34433	305	chút
34434	306	chăm_chú
34435	307	chăm_chỉ
34436	308	chăm_sóc
34441	309	chăn
34442	310	chơi
34443	311	chơi_đùa
34444	312	chương_trình
34445	313	chướng
34446	314	chạm
34451	315	chạy
34452	316	chải
34453	317	chảo
34454	318	chảy
34455	319	chảy_máu
34456	320	chấm
34461	321	chấm_dứt
34462	322	chấp
34463	323	chấp_nhận
34464	324	chất
34465	325	chất_lượng
34466	326	chất_lỏng
34511	327	chậm
34512	328	chật
34513	329	chắc
34514	330	chắc_chắn
34515	331	chắn
34516	332	chằm
34521	333	chặn
34522	334	chặng
34523	335	chặt
34524	336	chế_tạo
34525	337	chế_độ
34526	338	chết
34531	339	chết_đuối
34532	340	chỉ_số
34533	341	chỉ_trích
34534	342	chỉnh
34535	343	chị_em
34536	344	chịu
34541	345	chịu_đựng
34542	346	chọc
34543	347	chọn
34544	348	chọn_lựa
34545	349	chối
34546	350	chống
34551	351	chống_lại
34552	352	chồng
34553	353	chỗ
34554	354	chỗ_ngồi
34555	355	chớp
34556	356	chờ
34561	357	chờ_đợi
34562	358	chở
34563	359	chợ
34564	360	chục
34565	361	chụp
34566	362	chụp_ảnh
34611	363	chủ
34612	364	chủ_nghĩa
34613	365	chủ_nhân
34614	366	chủ_quyền
34615	367	chủ_yếu
34616	368	chủ_đề
34621	369	chủng_tộc
34622	370	chứa
34623	371	chứa_đựng
34624	372	chức
34625	373	chức_năng
34626	374	chức_trách
34631	375	chức_vụ
34632	376	chứng
34633	377	chứng_khoán
34634	378	chứng_kiến
34635	379	chứng_tỏ
34636	380	chừng
34641	381	chửi
34642	382	chữ_cái
34643	383	chữ_viết
34644	384	chữa
34645	385	co_giật
34646	386	coi
34651	387	coi_chừng
34652	388	coi_thường
34653	389	coi_trọng
34654	390	con_bé
34655	391	con_cái
34656	392	con_gái
34661	393	con_một
34662	394	con_người
34663	395	con_nuôi
34664	396	con_số
34665	397	con_trai
34666	398	cung
35111	399	cung_cấp
35112	400	cuối
35113	401	cuối_cùng
35114	402	cuối_tuần
35115	403	cuốn
35116	404	cuộc
35121	405	cuộc_sống
35122	406	cuộc_đời
35123	407	cuộn
35124	408	cà
35125	409	cà_chua
35126	410	cà_phê
35131	411	cà_rốt
35132	412	cài_đặt
35133	413	cá_nhân
35134	414	cá_voi
35135	415	cách_mạng
35136	416	cám
35141	417	cám_ơn
35142	418	cán
35143	419	cán_bộ
35144	420	cánh_tay
35145	421	cáo_buộc
35146	422	cát
35151	423	cân_nhắc
35152	424	câu_chuyện
35153	425	câu_hỏi
35154	426	câu_nói
35155	427	câu_đố
35156	428	cây_cối
35161	429	cây_số
35162	430	cây_xăng
35163	431	cãi
35164	432	cãi_cọ
35165	433	còi
35166	434	còn
35211	435	còn_lại
35212	436	có
35213	437	có_lý
35214	438	có_lợi
35215	439	có_mặt
35216	440	có_tuổi
35221	441	có_ích
35222	442	cô_bé
35223	443	cô_dâu
35224	444	cô_giáo
35225	445	cô_gái
35226	446	cô_đơn
35231	447	côn_trùng
35232	448	công_an
35233	449	công_bố
35234	450	công_chúa
35235	451	công_chúng
35236	452	công_cộng
35241	453	công_cụ
35242	454	công_dân
35243	455	công_nghiệp
35244	456	công_nghệ
35245	457	công_nhân
35246	458	công_nhận
35251	459	công_thức
35252	460	công_ti
35253	461	công_ty
35254	462	công_tắc
35255	463	công_viên
35256	464	công_việc
35261	465	cùng
35262	466	cú
35263	467	căm
35264	468	căn_cứ
35265	469	căn_hộ
35266	470	căng_thẳng
35311	471	cũ
35312	472	cơ_bản
35313	473	cơ_bắp
35314	474	cơ_hội
35315	475	cơ_sở
35316	476	cơ_thể
35321	477	cơm_rang
35322	478	cơn
35323	479	cư_trú
35324	480	cư_xử
35325	481	cưng
35326	482	cương
35331	483	cưới
35332	484	cướp
35333	485	cười
35334	486	cường_tráng
35335	487	cưỡi
35336	488	cưỡng
35341	489	cược
35342	490	cạn
35343	491	cạnh
35344	492	cạnh_tranh
35345	493	cạo
35346	494	cả
35351	495	cải
35352	496	cải_cách
35353	497	cải_thiện
35354	498	cải_tiến
35355	499	cải_trang
35356	500	cảm
35361	501	cảm_giác
35362	502	cảm_hứng
35363	503	cảm_nhận
35364	504	cảm_thấy
35365	505	cảm_xúc
35366	506	cảm_động
35411	507	cảm_ơn
35412	508	cản
35413	509	cảng
35414	510	cảnh_báo
35415	511	cảnh_giác
35416	512	cảnh_sát
35421	513	cấm
35422	514	cấp
35423	515	cấp_cứu
35424	516	cất
35425	517	cất_cánh
35426	518	cấu
35431	519	cấu_tạo
35432	520	cần_thiết
35433	521	cầu_nguyện
35434	522	cầu_thang
35435	523	cầu_thủ
35436	524	cầu_xin
35441	525	cẩn
35442	526	cẩn_thận
35443	527	cẩn_trọng
35444	528	cập
35445	529	cậu
35446	530	cắm
35451	531	cắm_sừng
35452	532	cắm_trại
35453	533	cắp
35454	534	cắt
35455	535	cắt_tóc
35456	536	cặp_đôi
35461	537	cọ
35462	538	cố
35463	539	cố_gắng
35464	540	cối
35465	541	cống_hiến
35466	542	cốt
35511	543	cồn
35512	544	cổ
35513	545	cổ_họng
35514	546	cổ_tích
35515	547	cổ_vũ
35516	548	cổ_điển
35521	549	cổ_đại
35522	550	cổng
35523	551	cỗ
35524	552	cộng_sản
35525	553	cộng_đồng
35526	554	cột
35531	555	cờ
35532	556	cờ_vua
35533	557	cởi
35534	558	cởi_mở
35535	559	cỡ
35536	560	cụ
35541	561	cụ_thể
35542	562	cục
35543	563	cụm
35544	564	cụm_từ
35545	565	cụt
35546	566	củ_cải
35551	567	của
35552	568	củi
35553	569	cứng
35554	570	cứu
35555	571	cừu
35556	572	cử
35561	573	cử_động
35562	574	cửa_hàng
35563	575	cửa_sổ
35564	576	cự
35565	577	cực
35566	578	cực_đoan
35611	579	danh_hiệu
35612	580	danh_sách
35613	581	danh_thiếp
35614	582	danh_tiếng
35615	583	di_chuyển
35616	584	di_chúc
35621	585	di_cư
35622	586	di_sản
35623	587	dinh
35624	588	diêm
35625	589	diễn_ra
35626	590	diễn_tả
35631	591	diễn_viên
35632	592	diện_tích
35633	593	diệt
35634	594	doanh_nghiệp
35635	595	doanh_nhân
35636	596	doanh_thu
35641	597	du_học
35642	598	du_lịch
35643	599	duy_nhất
35644	600	duy_trì
35645	601	duyệt
35646	602	dài
35651	603	dàn
35652	604	dành
35653	605	dày
35654	606	dày_đặc
35655	607	dán
35656	608	dáng
35661	609	dâm
35662	610	dân
35663	611	dân_chủ
35664	612	dâng
35665	613	dâu_tây
35666	614	dây
36111	615	dây_chuyền
36112	616	dây_giày
36113	617	dã
36114	618	dã_ngoại
36115	619	dì
36116	620	dính
36121	621	dò
36122	622	dòng
36123	623	dõi
36124	624	dũng_cảm
36125	625	dư
36126	626	dưa
36131	627	dưa_chuột
36132	628	dưỡng
36133	629	dược
36134	630	dạ
36135	631	dại
36136	632	dạng
36141	633	dạo
36142	634	dạy
36143	635	dạy_học
36144	636	dải
36145	637	dấu_chấm
36146	638	dấu_hiệu
36151	639	dầu
36152	640	dầu_mỏ
36153	641	dập
36154	642	dậy_thì
36155	643	dắt
36156	644	dặm
36161	645	dặn
36162	646	dẹp
36163	647	dễ
36164	648	dễ_chịu
36165	649	dễ_dàng
36166	650	dễ_thương
36211	651	dị
36212	652	dịch
36213	653	dịch_vụ
36214	654	dịp
36215	655	dịu
36216	656	dọa
36221	657	dọc
36222	658	dọn
36223	659	dọn_dẹp
36224	660	dối
36225	661	dỗ
36226	662	dội
36231	663	dở
36232	664	dụ
36233	665	dục
36234	666	dụng
36235	667	dụng_cụ
36236	668	dứt
36241	669	dừa
36242	670	dừng_lại
36243	671	dữ_liệu
36244	672	dự
36245	673	dự_báo
36246	674	dự_kiến
36251	675	dự_án
36252	676	dự_đoán
36253	677	dự_định
36254	678	dựa
36255	679	dựng
36256	680	em
36261	681	em_bé
36262	682	gai
36263	683	gan
36264	684	gay
36265	685	gay_gắt
36266	686	ghen
36311	687	ghen_tị
36312	688	ghi_chép
36313	689	ghi_chú
36314	690	ghi_hình
36315	691	ghi_nhận
36316	692	ghi_nhớ
36321	693	ghi_âm
36322	694	ghé
36323	695	ghét
36324	696	ghế
36325	697	gia_nhập
36326	698	gia_đình
36331	699	giai
36332	700	giai_đoạn
36333	701	giam
36334	702	gian
36335	703	gian_lận
36336	704	giang_hồ
36341	705	giao
36342	706	giao_thông
36343	707	giao_tiếp
36344	708	gieo
36345	709	giành
36346	710	giàu_có
36351	711	giày
36352	712	giá
36353	713	giá_cả
36354	714	giá_trị
36355	715	giác_quan
36356	716	giám_sát
36361	717	giám_đốc
36362	718	gián_điệp
36363	719	gián_đoạn
36364	720	giáo
36365	721	giáo_dục
36366	722	giáo_khoa
36411	723	giáo_sư
36412	724	giáo_viên
36413	725	giây
36414	726	giây_lát
36415	727	giãn
36416	728	gió
36421	729	giúp
36422	730	giúp_ích
36423	731	giúp_đỡ
36424	732	giơ
36425	733	giường
36426	734	giả
36431	735	giả_thuyết
36432	736	giả_vờ
36433	737	giải
36434	738	giải_khát
36435	739	giải_lao
36436	740	giải_mã
36441	741	giải_pháp
36442	742	giải_quyết
36443	743	giải_thích
36444	744	giải_thưởng
36445	745	giải_trí
36446	746	giảm
36451	747	giảm_giá
36452	748	giảng
36453	749	giấc_mơ
36454	750	giấu
36455	751	giấy
36456	752	giấy_phép
36461	753	giận
36462	754	giận_dữ
36463	755	giật
36464	756	giặc
36465	757	giặt
36466	758	giếng
36511	759	giết
36512	760	giết_người
36513	761	giọng
36514	762	giọng_nói
36515	763	giọt
36516	764	giống_như
36521	765	giới_hạn
36522	766	giữ
36523	767	gu
36524	768	gào
36525	769	gác
36526	770	gánh
36531	771	gánh_vác
36532	772	gây_sự
36533	773	gãy
36534	774	góc
36535	775	gói
36536	776	góp
36541	777	góp_phần
36542	778	gõ
36543	779	găng
36544	780	găng_tay
36545	781	gương
36546	782	gương_mặt
36551	783	gạch
36552	784	gạt
36553	785	gấp
36554	786	gấp_đôi
36555	787	gầm
36556	788	gần
36561	789	gậy
36562	790	gắn
36563	791	gắng
36564	792	gắt
36565	793	gặp
36566	794	gặp_gỡ
36611	795	gặp_phải
36612	796	gọi
36613	797	gọn
36614	798	gốc
36615	799	gối
36616	800	gồm
36621	801	gỗ
36622	802	gởi
36623	803	gỡ
36624	804	gợi
36625	805	gợi_ý
36626	806	gục
36631	807	gửi
36632	808	hai
36633	809	hang
36634	810	heo
36635	811	hiếm
36636	812	hiểm
36641	813	hiển_nhiên
36642	814	hiểu
36643	815	hiểu_biết
36644	816	hiểu_lầm
36645	817	hiện
36646	818	hiện_thực
36651	819	hiện_trường
36652	820	hiện_tượng
36653	821	hiện_tại
36654	822	hiện_vật
36655	823	hiện_đại
36656	824	hiệp_hội
36661	825	hiệu_lực
36662	826	hiệu_quả
36663	827	hiệu_trưởng
36664	828	ho
36665	829	hoa_hồng
36666	830	hoa_quả
41111	831	hoang
41112	832	hoang_dã
41113	833	hoang_mang
41114	834	hoang_tưởng
41115	835	hoàn
41116	836	hoàn_cảnh
41121	837	hoàn_hảo
41122	838	hoàn_thiện
41123	839	hoàn_thành
41124	840	hoàn_toàn
41125	841	hoàn_tất
41126	842	hoàng_hôn
41131	843	hoàng_tử
41132	844	hoãn
41133	845	hoạn
41134	846	hoạn_nạn
41135	847	hoạt_động
41136	848	hoảng
41141	849	hoảng_loạn
41142	850	huy_chương
41143	851	huyết_áp
41144	852	huấn_luyện
41145	853	hy_sinh
41146	854	hy_vọng
41151	855	hài_hòa
41152	856	hài_hước
41153	857	hài_lòng
41154	858	hàng_hóa
41155	859	hàng_rào
41156	860	hàng_xóm
41161	861	hàng_đầu
41162	862	hành_khách
41163	863	hành_lang
41164	864	hành_lý
41165	865	hành_tinh
41166	866	hành_trình
41211	867	hành_tây
41212	868	hành_vi
41213	869	hành_động
41214	870	hào_hứng
41215	871	hào_phóng
41216	872	hái
41221	873	hát
41222	874	hâm
41223	875	hân_hạnh
41224	876	hãi
41225	877	hãnh_diện
41226	878	hèn
41231	879	hét
41232	880	hình_học
41233	881	hình_phạt
41234	882	hình_thành
41235	883	hình_thức
41236	884	hình_tròn
41241	885	hình_ảnh
41242	886	hít
41243	887	hò
41244	888	hòa_hợp
41245	889	hòa_nhạc
41246	890	hóa
41251	891	hóa_học
41252	892	hóa_đơn
41253	893	hô
41254	894	hôi
41255	895	hôn_nhân
41256	896	hút
41261	897	hút_thuốc
41262	898	hăng
41263	899	hơi
41264	900	hơi_nước
41265	901	hơn
41266	902	hư
41311	903	hư_hỏng
41312	904	hương_thơm
41313	905	hướng_dẫn
41314	906	hưởng
41315	907	hưởng_thụ
41316	908	hưởng_ứng
41321	909	hạ_cánh
41322	910	hạc
41323	911	hại
41324	912	hạn
41325	913	hạng
41326	914	hạnh_nhân
41331	915	hạnh_phúc
41332	916	hạt_giống
41333	917	hạt_nhân
41334	918	hả
41335	919	hải_quân
41336	920	hải_sản
41341	921	hấp
41342	922	hấp_dẫn
41343	923	hấp_thụ
41344	924	hậu_quả
41345	925	hẹn
41346	926	hẹn_hò
41351	927	hẹp
41352	928	hết_cả
41353	929	hề
41354	930	hệ_thống
41355	931	họ_hàng
41356	932	họa
41361	933	họa_sĩ
41362	934	học
41363	935	học_hành
41364	936	học_hỏi
41365	937	học_thuộc
41366	938	học_trò
41411	939	học_tập
41412	940	học_đường
41413	941	họng
41414	942	họp
41415	943	họp_báo
41416	944	hỏa
41421	945	hỏi
41422	946	hỏi_thăm
41423	947	hỏng
41424	948	hố
41425	949	hối
41426	950	hối_hận
41431	951	hối_tiếc
41432	952	hồ_sơ
41433	953	hồn
41434	954	hỗ_trợ
41435	955	hỗn
41436	956	hộ
41441	957	hộ_chiếu
41442	958	hội
41443	959	hội_nghị
41444	960	hội_trường
41445	961	hội_viên
41446	962	hộp
41451	963	hộp_thư
41452	964	hợp
41453	965	hợp_pháp
41454	966	hợp_xướng
41455	967	hợp_đồng
41456	968	hủy
41461	969	hủy_bỏ
41462	970	hủy_diệt
41463	971	hủy_hoại
41464	972	hứng
41465	973	hứng_thú
41466	974	hữu
41511	975	hữu_cơ
41512	976	hữu_ích
41513	977	im
41514	978	im_lặng
41515	979	in
41516	980	kem
41521	981	khai
41522	982	khai_mạc
41523	983	khao
41524	984	khen
41525	985	khen_ngợi
41526	986	khi
41531	987	khinh
41532	988	khinh_thường
41533	989	khiêm_tốn
41534	990	khiêu_vũ
41535	991	khiến
41536	992	khiếp
41541	993	khiếu
41542	994	kho
41543	995	kho_báu
41544	996	khoa_học
41545	997	khoai_tây
41546	998	khoan
41551	999	khoe
41552	1000	khoác
41553	1001	khoái
41554	1002	khoản
41555	1003	khoảng
41556	1004	khoảnh
41561	1005	khoảnh_khắc
41562	1006	khoẻ
41563	1007	khu
41564	1008	khu_vực
41565	1009	khung
41566	1010	khuya
41611	1011	khuynh_hướng
41612	1012	khuyên
41613	1013	khuyến_khích
41614	1014	khuyết
41615	1015	khuyết_điểm
41616	1016	khuôn
41621	1017	khuôn_mặt
41622	1018	khá
41623	1019	khác
41624	1020	khác_biệt
41625	1021	khác_nhau
41626	1022	khác_thường
41631	1023	khách_hàng
41632	1024	khách_sạn
41633	1025	khái
41634	1026	khái_niệm
41635	1027	khám_phá
41636	1028	khán_giả
41641	1029	khát
41642	1030	khéo
41643	1031	khí_hậu
41644	1032	khía
41645	1033	khía_cạnh
41646	1034	khích
41651	1035	khó
41652	1036	khó_chịu
41653	1037	khó_khăn
41654	1038	khóa
41655	1039	khóc
41656	1040	khói
41661	1041	không_dám
41662	1042	không_gian
41663	1043	không_khí
41664	1044	không_ngừng
41665	1045	khăn
41666	1046	khơi
42111	1047	khả_năng
42112	1048	khả_thi
42113	1049	khẩn_cấp
42114	1050	khẩn_trương
42115	1051	khẩu_hiệu
42116	1052	khẩu_trang
42121	1053	khắc_phục
42122	1054	khẳng_định
42123	1055	khỉ
42124	1056	khỏe_mạnh
42125	1057	khỏi
42126	1058	khối
42131	1059	khổ
42132	1060	khổng_lồ
42133	1061	khớp
42134	1062	khởi
42135	1063	khởi_hành
42136	1064	khởi_tố
42141	1065	khởi_động
42142	1066	khủng
42143	1067	khủng_bố
42144	1068	khủng_hoảng
42145	1069	khủng_khiếp
42146	1070	khủng_long
42151	1071	kia
42152	1072	kim_cương
42153	1073	kinh_doanh
42154	1074	kinh_nghiệm
42155	1075	kinh_ngạc
42156	1076	kinh_tế
42161	1077	kiên_nhẫn
42162	1078	kiên_quyết
42163	1079	kiêu_căng
42164	1080	kiêu_ngạo
42165	1081	kiến
42166	1082	kiến_thức
42211	1083	kiến_trúc
42212	1084	kiếp
42213	1085	kiềm
42214	1086	kiềm_chế
42215	1087	kiểm
42216	1088	kiểm_soát
42221	1089	kiểm_tra
42222	1090	kiểu
42223	1091	kiệm
42224	1092	kiện
42225	1093	kiệt_sức
42226	1094	kiệt_tác
42231	1095	kèm
42232	1096	kém
42233	1097	kéo
42234	1098	kéo_dài
42235	1099	két
42236	1100	kê
42241	1101	kênh
42242	1102	kêu_gọi
42243	1103	kìm
42244	1104	kích
42245	1105	kích_thước
42246	1106	kính_trọng
42251	1107	ký
42252	1108	ký_ức
42253	1109	kĩ
42254	1110	kĩ_năng
42255	1111	kẹo
42256	1112	kẹt
42261	1113	kẻ_thù
42262	1114	kế
42263	1115	kế_hoạch
42264	1116	kế_tiếp
42265	1117	kết
42266	1118	kết_bạn
42311	1119	kết_hôn
42312	1120	kết_luận
42313	1121	kết_nối
42314	1122	kết_thúc
42315	1123	kết_án
42316	1124	kể
42321	1125	kệ
42322	1126	kỉ_niệm
42323	1127	kịch
42324	1128	kỳ_lân
42325	1129	kỳ_lạ
42326	1130	kỳ_vọng
42331	1131	kỷ
42332	1132	kỷ_niệm
42333	1133	kỹ_năng
42334	1134	kỹ_sư
42335	1135	kỹ_thuật
42336	1136	lan_truyền
42341	1137	lang_thang
42342	1138	lanh
42343	1139	lao
42344	1140	lao_động
42345	1141	lau
42346	1142	len
42351	1143	leo
42352	1144	liên_hệ
42353	1145	liên_kết
42354	1146	liên_lạc
42355	1147	liên_quan
42356	1148	liên_tưởng
42361	1149	liên_tục
42362	1150	liền
42363	1151	liều
42364	1152	liệt
42365	1153	lo
42366	1154	lo_lắng
42411	1155	lo_nghĩ
42412	1156	lo_sợ
42413	1157	loa
42414	1158	loài_người
42415	1159	loại
42416	1160	loạn
42421	1161	loạt
42422	1162	luyện
42423	1163	luyện_tập
42424	1164	luật
42425	1165	ly_dị
42426	1166	ly_hôn
42431	1167	là
42432	1168	làm
42433	1169	làm_cho
42434	1170	làm_chủ
42435	1171	làm_phiền
42436	1172	làm_quen
42441	1173	làm_trò
42442	1174	làm_tình
42443	1175	làm_việc
42444	1176	làm_vườn
42445	1177	làm_ơn
42446	1178	làn
42451	1179	làng
42452	1180	lành
42453	1181	lành_mạnh
42454	1182	lách
42455	1183	lái_xe
42456	1184	láng
42461	1185	láng_giềng
42462	1186	lánh
42463	1187	lâu_đài
42464	1188	lây
42465	1189	lãng_phí
42466	1190	lãnh
42511	1191	lãnh_thổ
42512	1192	lãnh_đạo
42513	1193	lên
42514	1194	lên_mặt
42515	1195	lí_do
42516	1196	lính
42521	1197	lòng
42522	1198	lô
42523	1199	lông
42524	1200	lõi
42525	1201	lùi
42526	1202	lùn
42531	1203	lùng
42532	1204	lúa_mì
42533	1205	lúc
42534	1206	lý_do
42535	1207	lý_giải
42536	1208	lý_thuyết
42541	1209	lý_thú
42542	1210	lý_trí
42543	1211	lý_tưởng
42544	1212	lăn
42545	1213	lơ
42546	1214	lơ_là
42551	1215	lưng
42552	1216	lưu_ý
42553	1217	lương_thiện
42554	1218	lương_tâm
42555	1219	lưới
42556	1220	lướt
42561	1221	lướt_sóng
42562	1222	lười
42563	1223	lường
42564	1224	lưỡi
42565	1225	lược
42566	1226	lượn
42611	1227	lượng
42612	1228	lượt
42613	1229	lạ
42614	1230	lạ_thường
42615	1231	lạc_quan
42616	1232	lạm_dụng
42621	1233	lạnh
42622	1234	lạp
42623	1235	lấp
42624	1236	lấp_lánh
42625	1237	lấy
42626	1238	lấy_lại
42631	1239	lần
42632	1240	lẫn
42633	1241	lẫn_nhau
42634	1242	lận
42635	1243	lập_trình
42636	1244	lật
42641	1245	lậu
42642	1246	lắc
42643	1247	lắc_đầu
42644	1248	lắng
42645	1249	lắng_nghe
42646	1250	lắp_bắp
42651	1251	lắp_ráp
42652	1252	lắp_đặt
42653	1253	lặn
42654	1254	lặng
42655	1255	lặp_lại
42656	1256	lẻ
42661	1257	lẽ_phải
42662	1258	lều
42663	1259	lễ_hội
42664	1260	lệch
42665	1261	lệnh
42666	1262	lịch
43111	1263	lịch_sử
43112	1264	lịch_sự
43113	1265	lịch_trình
43114	1266	lọc
43115	1267	lọt
43116	1268	lỏng
43121	1269	lối
43122	1270	lỗi
43123	1271	lỗi_thời
43124	1272	lộ
43125	1273	lội
43126	1274	lộn
43131	1275	lột
43132	1276	lớn
43133	1277	lớn_tuổi
43134	1278	lờ
43135	1279	lời_hứa
43136	1280	lời_khuyên
43141	1281	lời_nói
43142	1282	lỡ
43143	1283	lợi_dụng
43144	1284	lợi_nhuận
43145	1285	lợi_ích
43146	1286	lụa
43151	1287	lụt
43152	1288	lừa
43153	1289	lừa_đảo
43154	1290	lửa
43155	1291	lựa
43156	1292	lựa_chọn
43161	1293	lực_lượng
43162	1294	lựu
43163	1295	ma_túy
43164	1296	mang_lại
43165	1297	manh
43166	1298	mao_mạch
43211	1299	mau
43212	1300	may_mắn
43213	1301	miêu_tả
43214	1302	miếng
43215	1303	miền
43216	1304	miễn
43221	1305	miễn_cưỡng
43222	1306	miễn_phí
43223	1307	miệng
43224	1308	mong
43225	1309	mong_chờ
43226	1310	mong_muốn
43231	1311	mong_đợi
43232	1312	mua_sắm
43233	1313	muối
43234	1314	muốn
43235	1315	muỗi
43236	1316	mài
43241	1317	màn
43242	1318	màn_hình
43243	1319	màng
43244	1320	màu_sắc
43245	1321	má
43246	1322	mái
43251	1323	máu
43252	1324	máy_chủ
43253	1325	máy_in
43254	1326	máy_móc
43255	1327	máy_sưởi
43256	1328	máy_tính
43261	1329	máy_ảnh
43262	1330	mâu
43263	1331	mâu_thuẫn
43264	1332	mây
43265	1333	mã_nguồn
43266	1334	mét
43311	1335	mê
43312	1336	mình
43313	1337	mò
43314	1338	móc_túi
43315	1339	món_ăn
43316	1340	móng
43321	1341	mô
43322	1342	mô_hình
43323	1343	mô_tả
43324	1344	môi
43325	1345	môi_trường
43326	1346	môn
43331	1347	môn_học
43332	1348	mù
43333	1349	mù_chữ
43334	1350	mù_màu
43335	1351	mùa_hè
43336	1352	mùa_thu
43341	1353	mùa_xuân
43342	1354	mùa_đông
43343	1355	múa
43344	1356	mũ
43345	1357	mũi_tên
43346	1358	mơ_hồ
43351	1359	mơ_mộng
43352	1360	mơ_ước
43353	1361	mưa
43354	1362	mưa_rào
43355	1363	mưu
43356	1364	mượn
43361	1365	mạch
43362	1366	mạn
43363	1367	mạng
43364	1368	mạnh_mẽ
43365	1369	mạo
43366	1370	mạo_hiểm
43411	1371	mạt
43412	1372	mảnh
43413	1373	mất
43414	1374	mất_cắp
43415	1375	mất_mặt
43416	1376	mất_ngủ
43421	1377	mập
43422	1378	mật_ong
43423	1379	mắt_cá
43424	1380	mặc
43425	1381	mặn
43426	1382	mặt_hàng
43431	1383	mặt_nước
43432	1384	mặt_nạ
43433	1385	mặt_đất
43434	1386	mẻ
43435	1387	mẽ
43436	1388	mềm
43441	1389	mệt
43442	1390	mệt_mỏi
43443	1391	mọc
43444	1392	mỏi
43445	1393	mỏng
43446	1394	mồ_hôi
43451	1395	mồm
43452	1396	một
43453	1397	một_chút
43454	1398	một_số
43455	1399	một_vài
43456	1400	mới
43461	1401	mới_lạ
43462	1402	mới_mẻ
43463	1403	mờ
43464	1404	mời
43465	1405	mở
43466	1406	mở_rộng
43511	1407	mỡ
43512	1408	mục
43513	1409	mục_tiêu
43514	1410	mục_đích
43515	1411	mức
43516	1412	mừng
43521	1413	nam_châm
43522	1414	nam_giới
43523	1415	nan
43524	1416	ngang
43525	1417	nghe
43526	1418	nghe_lời
43531	1419	nghe_nói
43532	1420	nghi
43533	1421	nghi_ngờ
43534	1422	nghi_phạm
43535	1423	nghiêm_khắc
43536	1424	nghiêm_trọng
43541	1425	nghiêm_túc
43542	1426	nghiên
43543	1427	nghiên_cứu
43544	1428	nghiêng
43545	1429	nghiệm
43546	1430	nghiện
43551	1431	nghiệp
43552	1432	nghiệp_vụ
43553	1433	nghèo
43554	1434	nghĩ
43555	1435	nghề
43556	1436	nghệ_sĩ
43561	1437	nghệ_thuật
43562	1438	nghỉ_ngơi
43563	1439	nghỉ_việc
43564	1440	ngoan
43565	1441	ngoài
43566	1442	ngoái
43611	1443	ngoại_giao
43612	1444	ngoại_lệ
43613	1445	ngoại_ngữ
43614	1446	ngoại_tình
43615	1447	ngu
43616	1448	ngu_ngốc
43621	1449	nguy
43622	1450	nguy_cơ
43623	1451	nguyên_liệu
43624	1452	nguyên_nhân
43625	1453	nguyên_tố
43626	1454	nguyên_tử
43631	1455	nguyên_âm
43632	1456	nguồn
43633	1457	nguồn_gốc
43634	1458	nguội
43635	1459	ngành
43636	1460	ngày
43641	1461	ngày_lễ
43642	1462	ngày_sinh
43643	1463	ngâm
43644	1464	ngâm_nga
43645	1465	ngân_hàng
43646	1466	ngân_nga
43651	1467	ngân_sách
43652	1468	ngây
43653	1469	ngây_thơ
43654	1470	ngã_tư
43655	1471	ngón_chân
43656	1472	ngón_tay
43661	1473	ngôn
43662	1474	ngôn_ngữ
43663	1475	ngăn
43664	1476	ngăn_cản
43665	1477	ngăn_kéo
43666	1478	ngũ_cốc
44111	1479	ngơi
44112	1480	ngưng
44113	1481	người_lạ
44114	1482	người_lớn
44115	1483	người_máy
44116	1484	người_quen
44121	1485	người_ta
44122	1486	người_yêu
44123	1487	ngưỡng
44124	1488	ngưỡng_mộ
44125	1489	ngược
44126	1490	ngạc_nhiên
44131	1491	ngại
44132	1492	ngạo
44133	1493	ngất
44134	1494	ngầm
44135	1495	ngần
44136	1496	ngần_ngại
44141	1497	ngẩn
44142	1498	ngẫu
44143	1499	ngập
44144	1500	ngắm
44145	1501	ngắn
44146	1502	ngắn_gọn
44151	1503	ngắt
44152	1504	ngọc_trai
44153	1505	ngọn
44154	1506	ngọt
44155	1507	ngồi
44156	1508	ngột
44161	1509	ngờ
44162	1510	ngục
44163	1511	ngủ
44164	1512	ngứa
44165	1513	ngừng
44166	1514	ngữ_cảnh
44211	1515	ngữ_pháp
44212	1516	ngực
44213	1517	nha_sĩ
44214	1518	nhai
44215	1519	nhanh
44216	1520	nhanh_chóng
44221	1521	nhau
44222	1522	nhiếp_ảnh
44223	1523	nhiễm
44224	1524	nhiệm_vụ
44225	1525	nhiệt
44226	1526	nhiệt_kế
44231	1527	nhiệt_tình
44232	1528	nhiệt_độ
44233	1529	nhu
44234	1530	nhu_cầu
44235	1531	nhuộm
44236	1532	nhà
44241	1533	nhà_báo
44242	1534	nhà_bếp
44243	1535	nhà_cửa
44244	1536	nhà_ga
44245	1537	nhà_hàng
44246	1538	nhà_hát
44251	1539	nhà_kính
44252	1540	nhà_máy
44253	1541	nhà_nước
44254	1542	nhà_thơ
44255	1543	nhà_thờ
44256	1544	nhà_trường
44261	1545	nhà_văn
44262	1546	nhàm
44263	1547	nhàm_chán
44264	1548	nhào
44265	1549	nhánh
44266	1550	nháy
44311	1551	nhân_cách
44312	1552	nhân_dân
44313	1553	nhân_loại
44314	1554	nhân_tài
44315	1555	nhân_tạo
44316	1556	nhân_viên
44321	1557	nhân_vật
44322	1558	nhãn
44323	1559	nhìn
44324	1560	nhìn_thấy
44325	1561	nhí
44326	1562	nhóc
44331	1563	nhóm
44332	1564	nhăn
44333	1565	nhường
44334	1566	nhạc
44335	1567	nhạy
44336	1568	nhạy_cảm
44341	1569	nhảy
44342	1570	nhảy_dây
44343	1571	nhảy_múa
44344	1572	nhấc
44345	1573	nhấn_mạnh
44346	1574	nhất_trí
44351	1575	nhất_định
44352	1576	nhầm
44353	1577	nhẫn
44354	1578	nhận
44355	1579	nhận_ra
44356	1580	nhận_thấy
44361	1581	nhận_thức
44362	1582	nhập_khẩu
44363	1583	nhập_thành
44364	1584	nhật_ký
44365	1585	nhắc_lại
44366	1586	nhắm
44411	1587	nhắm_mắt
44412	1588	nhắn
44413	1589	nhằm
44414	1590	nhặt
44415	1591	nhẹ_nhàng
44416	1592	nhện
44421	1593	nhị
44422	1594	nhịn
44423	1595	nhịp
44424	1596	nhịp_điệu
44425	1597	nhỏ
44426	1598	nhỏ_nhặt
44431	1599	nhốt
44432	1600	nhồi
44433	1601	nhổ
44434	1602	nhớ
44435	1603	nhục
44436	1604	nhức
44441	1605	nhựa
44442	1606	ninh
44443	1607	niềm
44444	1608	niệm
44445	1609	non
44446	1610	nuôi
44451	1611	nuôi_dưỡng
44452	1612	nâng
44453	1613	nâng_cao
44454	1614	nâu
44455	1615	não
44456	1616	né
44461	1617	né_tránh
44462	1618	ném
44463	1619	nén
44464	1620	nét
44465	1621	nên
44466	1622	nói
44511	1623	nói_chuyện
44512	1624	nói_dối
44513	1625	nói_năng
44514	1626	nói_thẳng
44515	1627	nói_xấu
44516	1628	nón
44521	1629	nóng
44522	1630	nô_lệ
44523	1631	nông_dân
44524	1632	nông_thôn
44525	1633	nông_trại
44526	1634	núi
44531	1635	năm
44532	1636	năm_học
44533	1637	năm_nhuận
44534	1638	năng_lượng
44535	1639	năng_lực
44536	1640	năng_suất
44541	1641	năng_động
44542	1642	nước_biển
44543	1643	nước_mắt
44544	1644	nước_ngoài
44545	1645	nước_ngọt
44546	1646	nạn
44551	1647	nản
44552	1648	nấm
44553	1649	nấu
44554	1650	nấu_nướng
44555	1651	nấu_ăn
44556	1652	nắm
44561	1653	nắng
44562	1654	nắp
44563	1655	nằm
44564	1656	nằm_xuống
44565	1657	nếm
44566	1658	nến
44611	1659	nếp
44612	1660	nề
44613	1661	nền
44614	1662	nền_tảng
44615	1663	nối
44616	1664	nồi
44621	1665	nồng
44622	1666	nổ
44623	1667	nổi
44624	1668	nổi_bật
44625	1669	nổi_dậy
44626	1670	nổi_giận
44631	1671	nổi_tiếng
44632	1672	nội_dung
44633	1673	nội_quy
44634	1674	nội_thất
44635	1675	nội_trợ
44636	1676	nội_tâm
44641	1677	nộp
44642	1678	nở
44643	1679	nợ
44644	1680	nụ
44645	1681	nụ_cười
44646	1682	nứt
44651	1683	nửa
44652	1684	nửa_đêm
44653	1685	nữ
44654	1686	nữ_hoàng
44655	1687	oan
44656	1688	ong
44661	1689	pha
44662	1690	phanh
44663	1691	phi_công
44664	1692	phim
44665	1693	phiên_bản
44666	1694	phiên_dịch
45111	1695	phiếu
45112	1696	phiền
45113	1697	phiền_phức
45114	1698	pho
45115	1699	pho_mát
45116	1700	phong_cách
45121	1701	phong_cảnh
45122	1702	phong_tỏa
45123	1703	phong_tục
45124	1704	phun
45125	1705	phàn_nàn
45126	1706	phá
45131	1707	phá_hủy
45132	1708	phá_sản
45133	1709	phác
45134	1710	phái
45135	1711	phán
45136	1712	phán_xét
45141	1713	pháo
45142	1714	pháo_hoa
45143	1715	pháp_luật
45144	1716	phát
45145	1717	phát_biểu
45146	1718	phát_hiện
45151	1719	phát_huy
45152	1720	phát_hành
45153	1721	phát_minh
45154	1722	phát_sóng
45155	1723	phát_thanh
45156	1724	phát_triển
45161	1725	phát_âm
45162	1726	phát_điên
45163	1727	phân_biệt
45164	1728	phân_phối
45165	1729	phê_bình
45166	1730	phì
45211	1731	phía
45212	1732	phím
45213	1733	phòng
45214	1734	phòng_chống
45215	1735	phòng_ngủ
45216	1736	phòng_tắm
45221	1737	phòng_vệ
45222	1738	phòng_ăn
45223	1739	phóng
45224	1740	phóng_viên
45225	1741	phô_mai
45226	1742	phù
45231	1743	phù_hợp
45232	1744	phúc_lợi
45233	1745	phút
45234	1746	phơi
45235	1747	phơi_bày
45236	1748	phương_pháp
45241	1749	phương_tiện
45242	1750	phương_án
45243	1751	phạm_pháp
45244	1752	phạt
45245	1753	phải
45246	1754	phản
45251	1755	phản_bội
45252	1756	phản_chiếu
45253	1757	phản_đối
45254	1758	phản_ứng
45255	1759	phấn
45256	1760	phấn_khích
45261	1761	phần_mềm
45262	1762	phần_thưởng
45263	1763	phẩm
45264	1764	phẩm_chất
45265	1765	phẫu_thuật
45266	1766	phẳng
45311	1767	phỏng
45312	1768	phỏng_vấn
45313	1769	phổ_biến
45314	1770	phổ_thông
45315	1771	phổi
45316	1772	phụ_nữ
45321	1773	phụ_thuộc
45322	1774	phụ_trách
45323	1775	phụ_âm
45324	1776	phục_vụ
45325	1777	phủ_nhận
45326	1778	phức
45331	1779	phức_tạp
45332	1780	pin
45333	1781	qua_đời
45334	1782	quan_sát
45335	1783	quan_trọng
45336	1784	quan_tâm
45341	1785	quan_điểm
45342	1786	quang_cảnh
45343	1787	quanh
45344	1788	quay
45345	1789	quay_lại
45346	1790	que
45351	1791	quen
45352	1792	quen_biết
45353	1793	quen_thuộc
45354	1794	quy
45355	1795	quy_luật
45356	1796	quy_tắc
45361	1797	quy_định
45362	1798	quyên_góp
45363	1799	quyến
45364	1800	quyến_rũ
45365	1801	quyết_liệt
45366	1802	quyết_tâm
45411	1803	quyết_đoán
45412	1804	quyết_định
45413	1805	quyền_lợi
45414	1806	quà
45415	1807	quá_khứ
45416	1808	quá_trình
45421	1809	quá_đáng
45422	1810	quái_vật
45423	1811	quán
45424	1812	quân_đội
45425	1813	quãng
45426	1814	quét
45431	1815	quên
45432	1816	quý_giá
45433	1817	quý_phái
45434	1818	quạ
45435	1819	quản_lý
45436	1820	quảng_cáo
45441	1821	quấy
45442	1822	quần
45443	1823	quần_vợt
45444	1824	quần_áo
45445	1825	quầy
45446	1826	quốc_hội
45451	1827	quốc_tế
45452	1828	quốc_tịch
45453	1829	quỳ
45454	1830	quỷ
45455	1831	quỹ
45456	1832	quỹ_đạo
45461	1833	ra_hiệu
45462	1834	ra_vẻ
45463	1835	ra_đi
45464	1836	rang
45465	1837	rau
45466	1838	riêng
45511	1839	riêng_tư
45512	1840	robot
45513	1841	roi
45514	1842	run
45515	1843	rung
45516	1844	ruồi
45521	1845	ruộng
45522	1846	ruột
45523	1847	ràng
45524	1848	rào
45525	1849	rách
45526	1850	rán
45531	1851	ráp
45532	1852	râu
45533	1853	rã
45534	1854	rã_rời
45535	1855	rèn
45536	1856	rèn_luyện
45541	1857	rên
45542	1858	rên_rỉ
45543	1859	rô
45544	1860	rõ
45545	1861	rõ_ràng
45546	1862	rõ_rệt
45551	1863	rùa
45552	1864	rút_lui
45553	1865	răng
45554	1866	rơi
45555	1867	rượu
45556	1868	rượu_nho
45561	1869	rượu_vang
45562	1870	rạp
45563	1871	rảnh
45564	1872	rảnh_rỗi
45565	1873	rập
45566	1874	rắc
45611	1875	rắc_rối
45612	1876	rắn
45613	1877	rẻ_tiền
45614	1878	rỉ
45615	1879	rồng
45616	1880	rổ
45621	1881	rỗi
45622	1882	rỗng
45623	1883	rộn
45624	1884	rộng_lớn
45625	1885	rớt
45626	1886	rời
45631	1887	rụng
45632	1888	rủi
45633	1889	rủi_ro
45634	1890	rừng
45635	1891	rửa
45636	1892	rửa_tiền
45641	1893	sa
45642	1894	sa_mạc
45643	1895	sa_thải
45644	1896	sai
45645	1897	sai_lầm
45646	1898	sai_sót
45651	1899	sam
45652	1900	sao_băng
45653	1901	sau
45654	1902	say_rượu
45655	1903	sinh_học
45656	1904	sinh_nhật
45661	1905	sinh_ra
45662	1906	sinh_sống
45663	1907	sinh_viên
45664	1908	sinh_vật
45665	1909	sinh_đôi
45666	1910	siêu_thị
46111	1911	so
46112	1912	so_sánh
46113	1913	soát
46114	1914	soạn
46115	1915	sung
46116	1916	sung_sướng
46121	1917	suy
46122	1918	suy_nghĩ
46123	1919	suất
46124	1920	suốt
46125	1921	sàn
46126	1922	sàn_nhà
46131	1923	sàng
46132	1924	sách_báo
46133	1925	sách_vở
46134	1926	sáng_kiến
46135	1927	sáng_sớm
46136	1928	sáng_tạo
46141	1929	sánh
46142	1930	sáo
46143	1931	sát_hại
46144	1932	sân
46145	1933	sân_bay
46146	1934	sân_chơi
46151	1935	sâu
46152	1936	sâu_sắc
46153	1937	sét
46154	1938	sóc
46155	1939	sói
46156	1940	sóng
46161	1941	sót
46162	1942	sô
46163	1943	sôi
46164	1944	sông
46165	1945	sùng
46166	1946	súc
46211	1947	súp
46212	1948	sút
46213	1949	sĩ_quan
46214	1950	sơ_mi
46215	1951	sư
46216	1952	sưu_tầm
46221	1953	sưu_tập
46222	1954	sương
46223	1955	sướng
46224	1956	sưởi
46225	1957	sạch
46226	1958	sạch_sẽ
46231	1959	sạn
46232	1960	sản_phẩm
46233	1961	sản_xuất
46234	1962	sấu
46235	1963	sập
46236	1964	sắc_đẹp
46241	1965	sắp_xếp
46242	1966	sắt
46243	1967	sẵn
46244	1968	sẵn_lòng
46245	1969	sẵn_sàng
46246	1970	sẻ
46251	1971	sếp
46252	1972	sọc
46253	1973	số_học
46254	1974	số_lượng
46255	1975	số_nguyên
46256	1976	số_phận
46261	1977	sống_sót
46262	1978	sốt
46263	1979	sổ
46264	1980	sờ
46265	1981	sở
46266	1982	sở_hữu
46311	1983	sở_thích
46312	1984	sở_thú
46313	1985	sợ
46314	1986	sợ_hãi
46315	1987	sợi
46316	1988	sụp
46321	1989	sụp_đổ
46322	1990	sụt
46323	1991	sức
46324	1992	sức_khoẻ
46325	1993	sức_mạnh
46326	1994	sừng
46331	1995	sử_dụng
46332	1996	sửa_chữa
46333	1997	sự_cố
46334	1998	sự_kiện
46335	1999	sự_nghiệp
46336	2000	sự_thật
46341	2001	sự_việc
46342	2002	sự_vật
46343	2003	tai
46344	2004	tai_nghe
46345	2005	tai_nạn
46346	2006	tam_giác
46351	2007	tan
46352	2008	tan_nát
46353	2009	tay
46354	2010	tay_áo
46355	2011	tha
46356	2012	tha_thứ
46361	2013	thai
46362	2014	tham
46363	2015	tham_dự
46364	2016	tham_gia
46365	2017	tham_quan
46366	2018	tham_vọng
46411	2019	than
46412	2020	than_phiền
46413	2021	thang
46414	2022	thang_máy
46415	2023	thanh_toán
46416	2024	thao_tác
46421	2025	thay
46422	2026	thay_thế
46423	2027	thay_đổi
46424	2028	the
46425	2029	theo
46426	2030	theo_dõi
46431	2031	theo_đuổi
46432	2032	thiên_nhiên
46433	2033	thiên_thần
46434	2034	thiên_tài
46435	2035	thiên_văn
46436	2036	thiêng
46441	2037	thiết
46442	2038	thiết_bị
46443	2039	thiết_kế
46444	2040	thiếu
46445	2041	thiền
46446	2042	thiệp
46451	2043	thiệt
46452	2044	thiệt_hại
46453	2045	thiệt_mạng
46454	2046	thoát
46455	2047	thoại
46456	2048	thoải_mái
46461	2049	thoảng
46462	2050	thu_hoạch
46463	2051	thu_hút
46464	2052	thu_nhập
46465	2053	thu_thập
46466	2054	thu_xếp
46511	2055	thua
46512	2056	thung_lũng
46513	2057	thuyết
46514	2058	thuyết_phục
46515	2059	thuyết_trình
46516	2060	thuyền_trưởng
46521	2061	thuê
46522	2062	thuần
46523	2063	thuận_lợi
46524	2064	thuế
46525	2065	thuốc_lá
46526	2066	thuộc
46531	2067	thuộc_địa
46532	2068	thành_công
46533	2069	thành_lập
46534	2070	thành_niên
46535	2071	thành_thạo
46536	2072	thành_thật
46541	2073	thành_tích
46542	2074	thành_tựu
46543	2075	thành_viên
46544	2076	thách
46545	2077	thách_thức
46546	2078	thái_độ
46551	2079	tháng
46552	2080	thánh
46553	2081	tháo
46554	2082	tháp
46555	2083	thâm_hụt
46556	2084	thân_hình
46561	2085	thân_mình
46562	2086	thân_thiết
46563	2087	thân_thiện
46564	2088	thân_thể
46565	2089	thèm
46566	2090	thêm
46611	2091	thì
46612	2092	thì_giờ
46613	2093	thì_thầm
46614	2094	thí
46615	2095	thí_nghiệm
46616	2096	thích_hợp
46621	2097	thích_nghi
46622	2098	thích_thú
46623	2099	thính_giác
46624	2100	thói
46625	2101	thói_quen
46626	2102	thô
46631	2103	thô_lỗ
46632	2104	thôn
46633	2105	thông_báo
46634	2106	thông_dịch
46635	2107	thông_minh
46636	2108	thông_qua
46641	2109	thông_thường
46642	2110	thông_thạo
46643	2111	thông_tin
46644	2112	thông_điệp
46645	2113	thù
46646	2114	thùng
46651	2115	thú_nhận
46652	2116	thú_vui
46653	2117	thú_vị
46654	2118	thúc
46655	2119	thúc_đẩy
46656	2120	thăm
46661	2121	thơ_ấu
46662	2122	thư_ký
46663	2123	thư_pháp
46664	2124	thư_viện
46665	2125	thưa
46666	2126	thương_hại
51111	2127	thương_mại
51112	2128	thương_tiếc
51113	2129	thước
51114	2130	thường_thức
51115	2131	thường_xuyên
51116	2132	thưởng_thức
51121	2133	thượng
51122	2134	thải
51123	2135	thảm
51124	2136	thảm_họa
51125	2137	thảo_luận
51126	2138	thấp
51131	2139	thất
51132	2140	thất_bại
51133	2141	thất_nghiệp
51134	2142	thất_vọng
51135	2143	thấu
51136	2144	thấy
51141	2145	thần_linh
51142	2146	thần_thoại
51143	2147	thầy_giáo
51144	2148	thầy_thuốc
51145	2149	thẩm_phán
51146	2150	thận
51151	2151	thận_trọng
51152	2152	thật
51153	2153	thật_lòng
51154	2154	thật_thà
51155	2155	thắc_mắc
51156	2156	thắng_lợi
51161	2157	thắt
51162	2158	thắt_lưng
51163	2159	thẳng_thắn
51164	2160	thế
51165	2161	thế_giới
51166	2162	thế_hệ
51211	2163	thế_kỷ
51212	2164	thế_lực
51213	2165	thề
51214	2166	thể_hiện
51215	2167	thể_thao
51216	2168	thị_chính
51221	2169	thị_thực
51222	2170	thị_trường
51223	2171	thị_trưởng
51224	2172	thị_trấn
51225	2173	thịt
51226	2174	thỏa
51231	2175	thỏa_mãn
51232	2176	thỏa_thuận
51233	2177	thỏa_thích
51234	2178	thối
51235	2179	thống
51236	2180	thống_kê
51241	2181	thổ_lộ
51242	2182	thổi
51243	2183	thời_gian
51244	2184	thời_kỳ
51245	2185	thời_tiết
51246	2186	thời_trang
51251	2187	thời_điểm
51252	2188	thời_đại
51253	2189	thở
51254	2190	thở_dài
51255	2191	thợ
51256	2192	thụ
51261	2193	thủ
51262	2194	thủ_công
51263	2195	thủ_trưởng
51264	2196	thủ_tướng
51265	2197	thủ_tục
51266	2198	thủ_đô
51311	2199	thứ_tự
51312	2200	thức
51313	2201	thức_dậy
51314	2202	thức_giấc
51315	2203	thức_uống
51316	2204	thức_ăn
51321	2205	thừa_kế
51322	2206	thừa_nhận
51323	2207	thử
51324	2208	thử_thách
51325	2209	thực
51326	2210	thực_hiện
51331	2211	thực_phẩm
51332	2212	thực_thi
51333	2213	thực_tiễn
51334	2214	thực_tại
51335	2215	thực_tế
51336	2216	thực_vật
51341	2217	tia
51342	2218	tim
51343	2219	tin
51344	2220	tin_cậy
51345	2221	tin_nhắn
51346	2222	tin_tưởng
51351	2223	tin_tức
51352	2224	tin_đồn
51353	2225	tinh_thần
51354	2226	tinh_tế
51355	2227	tiêm
51356	2228	tiên_tri
51361	2229	tiên_đoán
51362	2230	tiêu_chuẩn
51363	2231	tiêu_thụ
51364	2232	tiếc
51365	2233	tiến_bộ
51366	2234	tiến_hành
51411	2235	tiến_triển
51412	2236	tiếng
51413	2237	tiếng_nói
51414	2238	tiếng_động
51415	2239	tiếng_ồn
51416	2240	tiếp
51421	2241	tiếp_theo
51422	2242	tiếp_tục
51423	2243	tiếp_xúc
51424	2244	tiết_kiệm
51425	2245	tiết_lộ
51426	2246	tiền
51431	2247	tiền_bạc
51432	2248	tiền_của
51433	2249	tiền_lương
51434	2250	tiền_lẻ
51435	2251	tiền_mặt
51436	2252	tiểu
51441	2253	tiểu_thuyết
51442	2254	tiễn
51443	2255	tiệc
51444	2256	tiệm
51445	2257	tiện
51446	2258	to
51451	2259	to_lớn
51452	2260	toàn_bộ
51453	2261	toàn_cầu
51454	2262	toàn_quốc
51455	2263	toán
51456	2264	toán_học
51461	2265	tra
51462	2266	trai
51463	2267	trang_sức
51464	2268	trang_trí
51465	2269	trang_trại
51466	2270	trang_web
51511	2271	trang_điểm
51512	2272	tranh
51513	2273	tranh_cãi
51514	2274	tranh_luận
51515	2275	trao
51516	2276	trao_đổi
51521	2277	treo
51522	2278	trinh
51523	2279	trinh_thám
51524	2280	triết_học
51525	2281	triển_lãm
51526	2282	triệu_chứng
51531	2283	tro
51532	2284	trong
51533	2285	trong_suốt
51534	2286	trung_học
51535	2287	trung_tâm
51536	2288	trung_ương
51541	2289	truy
51542	2290	truy_cập
51543	2291	truyền
51544	2292	truyền_thông
51545	2293	truyền_thống
51546	2294	truyền_đạt
51551	2295	truyện
51552	2296	truyện_tranh
51553	2297	tràn
51554	2298	tràn_ngập
51555	2299	trào
51556	2300	trá
51561	2301	trách
51562	2302	trách_nhiệm
51563	2303	trái_cây
51564	2304	trái_ngược
51565	2305	trán
51566	2306	tráng
51611	2307	tráng_miệng
51612	2308	tránh
51613	2309	trân_trọng
51614	2310	trên
51615	2311	trêu
51616	2312	trì_hoãn
51621	2313	trình_bày
51622	2314	trình_cắm
51623	2315	trí_nhớ
51624	2316	trí_tuệ
51625	2317	trích_dẫn
51626	2318	trò_chuyện
51631	2319	trò_chơi
51632	2320	tròn
51633	2321	trói
51634	2322	trôi_chảy
51635	2323	trông
51636	2324	trông_cậy
51641	2325	trông_thấy
51642	2326	trùm
51643	2327	trùng
51644	2328	trú
51645	2329	trúng
51646	2330	trút
51651	2331	trăm_năm
51652	2332	trăng
51653	2333	trăng_tròn
51654	2334	trơn
51655	2335	trưa
51656	2336	trưng_bày
51661	2337	trước_mắt
51662	2338	trường_hợp
51663	2339	trưởng
51664	2340	trưởng_thành
51665	2341	trượt
51666	2342	trượt_băng
52111	2343	trượt_tuyết
52112	2344	trạm
52113	2345	trạng_thái
52114	2346	trả
52115	2347	trả_giá
52116	2348	trả_lại
52121	2349	trả_lời
52122	2350	trả_thù
52123	2351	trải
52124	2352	trải_nghiệm
52125	2353	trải_qua
52126	2354	trấn_an
52131	2355	trầm_trọng
52132	2356	trận
52133	2357	trật_tự
52134	2358	trắng
52135	2359	trặc
52136	2360	trẻ
52141	2361	trẻ_con
52142	2362	trẻ_em
52143	2363	trẻ_trung
52144	2364	trễ
52145	2365	trọng_đại
52146	2366	trốn
52151	2367	trống
52152	2368	trồng
52153	2369	trộn
52154	2370	trời
52155	2371	trời_đất
52156	2372	trở_lại
52161	2373	trở_ngại
52162	2374	trở_nên
52163	2375	trở_thành
52164	2376	trở_về
52165	2377	trợ_giúp
52166	2378	trợ_lý
52211	2379	trụ
52212	2380	trục
52213	2381	trục_trặc
52214	2382	trứng
52215	2383	trừ
52216	2384	trừng
52221	2385	trừng_phạt
52222	2386	trữ
52223	2387	trực_giác
52224	2388	trực_tiếp
52225	2389	tu
52226	2390	tung
52231	2391	tuyên_bố
52232	2392	tuyến
52233	2393	tuyệt
52234	2394	tuyệt_chủng
52235	2395	tuyệt_vọng
52236	2396	tuyệt_vời
52241	2397	tuyệt_đối
52242	2398	tuân
52243	2399	tuần_hoàn
52244	2400	tuổi
52245	2401	tuổi_thơ
52246	2402	tuổi_tác
52251	2403	tài_chính
52252	2404	tài_khoản
52253	2405	tài_liệu
52254	2406	tài_nguyên
52255	2407	tài_năng
52256	2408	tài_sản
52261	2409	tài_trợ
52262	2410	tàn
52263	2411	tàn_nhẫn
52264	2412	tàn_phá
52265	2413	tàu_hỏa
52266	2414	tàu_điện
52311	2415	tá
52312	2416	tác_dụng
52313	2417	tác_giả
52314	2418	tác_phẩm
52315	2419	tách
52316	2420	tách_rời
52321	2421	tái
52322	2422	tám
52323	2423	tán
52324	2424	tán_thành
52325	2425	tán_tỉnh
52326	2426	tát
52331	2427	tâm_hồn
52332	2428	tâm_trí
52333	2429	té
52334	2430	tên_lửa
52335	2431	tìm
52336	2432	tìm_hiểu
52341	2433	tìm_kiếm
52342	2434	tìm_thấy
52343	2435	tình_bạn
52344	2436	tình_cảm
52345	2437	tình_cờ
52346	2438	tình_dục
52351	2439	tình_huống
52352	2440	tình_hình
52353	2441	tình_nguyện
52354	2442	tình_thế
52355	2443	tình_trạng
52356	2444	tình_yêu
52361	2445	tích_cực
52362	2446	tín_dụng
52363	2447	tín_hiệu
52364	2448	tính
52365	2449	tính_cách
52366	2450	tính_toán
52411	2451	tò_mò
52412	2452	tòa
52413	2453	tòa_án
52414	2454	tóc
52415	2455	tóm
52416	2456	tôm
52421	2457	tôn_thờ
52422	2458	tôn_trọng
52423	2459	tù
52424	2460	túi
52425	2461	túi_xách
52426	2462	túng
52431	2463	tăng_cường
52432	2464	tĩnh_mạch
52433	2465	tơ
52434	2466	tư_cách
52435	2467	tư_duy
52436	2468	tư_tưởng
52441	2469	tươi
52442	2470	tương
52443	2471	tương_lai
52444	2472	tương_thích
52445	2473	tương_tự
52446	2474	tương_đương
52451	2475	tương_đối
52452	2476	tương_ứng
52453	2477	tưới
52454	2478	tướng
52455	2479	tường
52456	2480	tưởng_tượng
52461	2481	tại_chỗ
52462	2482	tạm
52463	2483	tạm_thời
52464	2484	tạo_hóa
52465	2485	tạo_thành
52466	2486	tạp
52511	2487	tạp_chí
52512	2488	tải_xuống
52513	2489	tảng
52514	2490	tấn_công
52515	2491	tầm
52516	2492	tầm_nhìn
52521	2493	tầng
52522	2494	tẩy
52523	2495	tận_dụng
52524	2496	tận_hưởng
52525	2497	tập
52526	2498	tập_hợp
52531	2499	tập_quán
52532	2500	tập_thể
52533	2501	tập_trung
52534	2502	tắc
52535	2503	tắc_xi
52536	2504	tắm
52541	2505	tắt
52542	2506	tặc
52543	2507	tặng
52544	2508	tế
52545	2509	tế_bào
52546	2510	tỉnh
52551	2511	tỉnh_dậy
52552	2512	tỉnh_táo
52553	2513	tị_nạn
52554	2514	tịch
52555	2515	tỏ_ra
52556	2516	tỏa
52561	2517	tỏa_sáng
52562	2518	tố
52563	2519	tốc_độ
52564	2520	tối
52565	2521	tối_thiểu
52566	2522	tối_đa
52611	2523	tốn
52612	2524	tốn_kém
52613	2525	tốt_bụng
52614	2526	tốt_nghiệp
52615	2527	tốt_đẹp
52616	2528	tồi
52621	2529	tồi_tệ
52622	2530	tồn
52623	2531	tồn_tại
52624	2532	tổ
52625	2533	tổ_chức
52626	2534	tổn_thương
52631	2535	tổng_cộng
52632	2536	tổng_hợp
52633	2537	tội_phạm
52634	2538	tới
52635	2539	tờ
52636	2540	tụ
52641	2541	tụi
52642	2542	tủ
52643	2543	tủ_lạnh
52644	2544	tức
52645	2545	tức_giận
52646	2546	tức_là
52651	2547	từ_bỏ
52652	2548	từ_chối
52653	2549	từ_chức
52654	2550	từ_ngữ
52655	2551	từ_thiện
52656	2552	từ_từ
52661	2553	từ_điển
52662	2554	từng
52663	2555	từng_trải
52664	2556	tử_hình
52665	2557	tử_tế
52666	2558	tử_vong
53111	2559	tự_do
53112	2560	tự_hào
53113	2561	tự_sát
53114	2562	tự_tin
53115	2563	tự_tử
53116	2564	tự_vệ
53121	2565	tự_động
53122	2566	tỷ_lệ
53123	2567	ung
53124	2568	ung_thư
53125	2569	uy
53126	2570	uống
53131	2571	va_li
53132	2572	vai
53133	2573	vai_trò
53134	2574	vay
53135	2575	ven_biển
53136	2576	vi_phạm
53141	2577	vinh_dự
53142	2578	viêm
53143	2579	viết
53144	2580	viết_lách
53145	2581	viết_tắt
53146	2582	việc
53151	2583	việc_gì
53152	2584	việc_làm
53153	2585	voi
53154	2586	vua
53155	2587	vui_chơi
53156	2588	vui_lòng
53161	2589	vui_mừng
53162	2590	vui_sướng
53163	2591	vui_vẻ
53164	2592	vuông
53165	2593	và
53166	2594	vàng
53211	2595	vào
53212	2596	vác
53213	2597	ván
53214	2598	váy
53215	2599	vâng
53216	2600	vây
53221	2601	vé
53222	2602	vé_số
53223	2603	ví_dụ
53224	2604	vòi
53225	2605	vô
53226	2606	vô_cùng
53231	2607	vô_dụng
53232	2608	vô_giá
53233	2609	vô_hạn
53234	2610	vô_nghĩa
53235	2611	vô_phương
53236	2612	vô_số
53241	2613	vô_thần
53242	2614	vô_tình
53243	2615	vô_tận
53244	2616	vô_tội
53245	2617	vô_ích
53246	2618	vùng
53251	2619	vú
53252	2620	văn_bản
53253	2621	văn_phòng
53254	2622	vĩ_đại
53255	2623	vũ_khí
53256	2624	vũ_trụ
53261	2625	vương_quốc
53262	2626	vườn
53263	2627	vượt
53264	2628	vượt_qua
53265	2629	vả
53266	2630	vải
53311	2631	vấn
53312	2632	vấn_đề
53313	2633	vất_vả
53314	2634	vần
53315	2635	vẫy
53316	2636	vận
53321	2637	vận_chuyển
53322	2638	vận_hành
53323	2639	vận_động
53324	2640	vật_chất
53325	2641	vật_lý
53326	2642	vật_thể
53331	2643	vắng
53332	2644	vắng_mặt
53333	2645	vặn
53334	2646	vặt
53335	2647	vẻ
53336	2648	vết
53341	2649	vết_thương
53342	2650	về
53343	2651	vệ
53344	2652	vệ_sinh
53345	2653	vệ_tinh
53346	2654	vị_trí
53351	2655	vịnh
53352	2656	vịt
53353	2657	vỏ
53354	2658	vốn
53355	2659	vỗ_tay
53356	2660	vội_vàng
53361	2661	vờ
53362	2662	vở
53363	2663	vỡ
53364	2664	vợ
53365	2665	vợ_chồng
53366	2666	vợt
53411	2667	vụ_việc
53412	2668	vứt
53413	2669	vừa
53414	2670	vừa_lòng
53415	2671	vững
53416	2672	vực
53421	2673	xa_lạ
53422	2674	xa_xôi
53423	2675	xanh_dương
53424	2676	xe_buýt
53425	2677	xe_hơi
53426	2678	xe_lửa
53431	2679	xe_máy
53432	2680	xe_tải
53433	2681	xe_điện
53434	2682	xe_đạp
53435	2683	xem
53436	2684	xem_thường
53441	2685	xem_xét
53442	2686	xi
53443	2687	xin
53444	2688	xin_lỗi
53445	2689	xinh
53446	2690	xinh_xắn
53451	2691	xinh_đẹp
53452	2692	xoay
53453	2693	xong
53454	2694	xu
53455	2695	xu_hướng
53456	2696	xung_quanh
53461	2697	xung_đột
53462	2698	xuất_bản
53463	2699	xuất_chúng
53464	2700	xuất_hiện
53465	2701	xuất_phát
53466	2702	xuất_sắc
53511	2703	xuất_thân
53512	2704	xuất_tinh
53513	2705	xuống
53514	2706	xà_phòng
53515	2707	xài
53516	2708	xá
53521	2709	xác
53522	2710	xác_nhận
53523	2711	xác_định
53524	2712	xách
53525	2713	xám
53526	2714	xâm_phạm
53531	2715	xây
53532	2716	xây_dựng
53533	2717	xé
53534	2718	xì
53535	2719	xì_gà
53536	2720	xích
53541	2721	xóa
53542	2722	xóm
53543	2723	xót
53544	2724	xô
53545	2725	xôi
53546	2726	xông
53551	2727	xúc
53552	2728	xúc_phạm
53553	2729	xưa
53554	2730	xương
53555	2731	xướng
53556	2732	xưởng
53561	2733	xấu
53562	2734	xấu_hổ
53563	2735	xấu_xí
53564	2736	xắn
53565	2737	xếp
53566	2738	xếp_hàng
53611	2739	xứng
53612	2740	xứng_đáng
53613	2741	xử
53614	2742	xử_lý
53615	2743	y_hệt
53616	2744	y_tế
53621	2745	yên_lặng
53622	2746	yêu
53623	2747	yêu_cầu
53624	2748	yêu_quý
53625	2749	yêu_thích
53626	2750	yêu_thương
53631	2751	yếu
53632	2752	yếu_tố
53633	2753	yếu_đuối
53634	2754	ào
53635	2755	ác_mộng
53636	2756	ác_quỷ
53641	2757	ám
53642	2758	ám_chỉ
53643	2759	ám_ảnh
53644	2760	ánh_sáng
53645	2761	áo_khoác
53646	2762	áp_dụng
53651	2763	áp_suất
53652	2764	âm_mưu
53653	2765	âm_nhạc
53654	2766	âm_thanh
53655	2767	ép
53656	2768	êm
53661	2769	ích
53662	2770	ích_kỷ
53663	2771	ô_nhiễm
53664	2772	ô_tô
53665	2773	ôi
53666	2774	ôn_tập
54111	2775	ông_chủ
54112	2776	ông_cụ
54113	2777	ý_chí
54114	2778	ý_kiến
54115	2779	ý_nghĩ
54116	2780	ý_nghĩa
54121	2781	ý_tưởng
54122	2782	ý_tứ
54123	2783	ý_định
54124	2784	ý_đồ
54125	2785	ăn_chay
54126	2786	ăn_cơm
54131	2787	ăn_cắp
54132	2788	ăn_diện
54133	2789	ăn_mặc
54134	2790	ăn_mừng
54135	2791	ăn_nói
54136	2792	ăn_trộm
54141	2793	ăn_uống
54142	2794	ăn_ở
54143	2795	đa
54144	2796	đa_dạng
54145	2797	đa_số
54146	2798	đam_mê
54151	2799	đau
54152	2800	đau_buồn
54153	2801	đau_khổ
54154	2802	đau_đầu
54155	2803	đau_đớn
54156	2804	đe
54161	2805	đe_dọa
54162	2806	đem
54163	2807	đen
54164	2808	đi_bộ
54165	2809	đi_chơi
54166	2810	đi_dạo
54211	2811	đi_làm
54212	2812	đi_vào
54213	2813	đi_vắng
54214	2814	điên
54215	2815	điềm
54216	2816	điều
54221	2817	điều_hành
54222	2818	điều_hòa
54223	2819	điều_kiện
54224	2820	điều_tra
54225	2821	điều_trị
54226	2822	điều_độ
54231	2823	điểm_tâm
54232	2824	điển
54233	2825	điển_hình
54234	2826	điện_máy
54235	2827	điện_thoại
54236	2828	điện_ảnh
54241	2829	điệu
54242	2830	đo
54243	2831	đoàn_kết
54244	2832	đoán
54245	2833	đua
54246	2834	đun
54251	2835	đuôi
54252	2836	đuối
54253	2837	đuổi
54254	2838	đuổi_theo
54255	2839	đà
54256	2840	đàn_bà
54261	2841	đàn_ông
54262	2842	đành
54263	2843	đày
54264	2844	đá_bóng
54265	2845	đái
54266	2846	đám
54311	2847	đám_cưới
54312	2848	đám_đông
54313	2849	đáng
54314	2850	đáng_kể
54315	2851	đáng_sợ
54316	2852	đáng_thương
54321	2853	đáng_yêu
54322	2854	đánh_bại
54323	2855	đánh_giá
54324	2856	đánh_lừa
54325	2857	đánh_nhau
54326	2858	đánh_răng
54331	2859	đánh_thức
54332	2860	đánh_vần
54333	2861	đánh_đổi
54334	2862	đáp
54335	2863	đáp_án
54336	2864	đáp_ứng
54341	2865	đâm
54342	2866	đã
54343	2867	đãi
54344	2868	đè
54345	2869	đèn
54346	2870	đèn_pin
54351	2871	đêm
54352	2872	đình
54353	2873	đình_công
54354	2874	đích
54355	2875	đính_hôn
54356	2876	đòi_hỏi
54361	2877	đòn
54362	2878	đó
54363	2879	đói
54364	2880	đón
54365	2881	đóng_băng
54366	2882	đóng_góp
54411	2883	đô_la
54412	2884	đôi
54413	2885	đông_đúc
54414	2886	đùa
54415	2887	đúc
54416	2888	đúng
54421	2889	đúng_đắn
54422	2890	đăng
54423	2891	đăng_ký
54424	2892	đĩa
54425	2893	đũa
54426	2894	đơn_giản
54431	2895	đưa
54432	2896	đưa_ra
54433	2897	đương_nhiên
54434	2898	đường_phố
54435	2899	đạc
54436	2900	đại_biểu
54441	2901	đại_bàng
54442	2902	đại_diện
54443	2903	đại_dương
54444	2904	đại_dịch
54445	2905	đại_lộ
54446	2906	đại_số
54451	2907	đại_sứ
54452	2908	đại_từ
54453	2909	đạo_diễn
54454	2910	đạo_đức
54455	2911	đạp
54456	2912	đả
54461	2913	đảm_bảo
54462	2914	đảo
54463	2915	đảo_ngược
54464	2916	đấm
54465	2917	đất_nước
54466	2918	đất_đai
54511	2919	đấu
54512	2920	đầu
54513	2921	đầu_bếp
54514	2922	đầu_gối
54515	2923	đầu_hàng
54516	2924	đầu_tiên
54521	2925	đầu_tư
54522	2926	đầu_vào
54523	2927	đầu_óc
54524	2928	đầy
54525	2929	đầy_đủ
54526	2930	đẩy
54531	2931	đậm
54532	2932	đập
54533	2933	đắm
54534	2934	đắp
54535	2935	đắt
54536	2936	đắt_đỏ
54541	2937	đằng
54542	2938	đẳng
54543	2939	đặc
54544	2940	đặc_biệt
54545	2941	đặt
54546	2942	đặt_hàng
54551	2943	đặt_tên
54552	2944	đẹp
54553	2945	đẹp_trai
54554	2946	đẹp_đẽ
54555	2947	đế
54556	2948	đếm
54561	2949	đến
54562	2950	đến_mức
54563	2951	đề_cập
54564	2952	đề_nghị
54565	2953	đề_phòng
54566	2954	đề_tài
54611	2955	đề_xuất
54612	2956	đền
54613	2957	đều
54614	2958	để_dành
54615	2959	để_mắt
54616	2960	để_tâm
54621	2961	để_ý
54622	2962	địa_chỉ
54623	2963	địa_hình
54624	2964	địa_phương
54625	2965	địa_điểm
54626	2966	địch
54631	2967	định_kiến
54632	2968	định_nghĩa
54633	2969	đọc
54634	2970	đỏ
54635	2971	đố
54636	2972	đối
54641	2973	đối_chiếu
54642	2974	đối_diện
54643	2975	đối_lập
54644	2976	đối_phương
54645	2977	đối_thủ
54646	2978	đối_xử
54651	2979	đống
54652	2980	đốt
54653	2981	đồ_chơi
54654	2982	đồ_uống
54655	2983	đồ_ăn
54656	2984	đồ_đạc
54661	2985	đồi
54662	2986	đồn
54663	2987	đồng_bộ
54664	2988	đồng_chí
54665	2989	đồng_cảm
54666	2990	đồng_hành
55111	2991	đồng_hồ
55112	2992	đồng_nghĩa
55113	2993	đồng_phục
55114	2994	đồng_tình
55115	2995	đồng_ý
55116	2996	đổi
55121	2997	đổi_thay
55122	2998	độc_giả
55123	2999	độc_lập
55124	3000	độc_thân
55125	3001	độc_đáo
55126	3002	đội_tuyển
55131	3003	động
55132	3004	động_cơ
55133	3005	động_lực
55134	3006	động_từ
55135	3007	động_viên
55136	3008	động_vật
55141	3009	động_đất
55142	3010	đột_nhập
55143	3011	đới
55144	3012	đời
55145	3013	đời_sống
55146	3014	đợi
55151	3015	đợt
55152	3016	đụng
55153	3017	đủ
55154	3018	đứa_bé
55155	3019	đứng
55156	3020	đứng_dậy
55161	3021	đứt
55162	3022	đừng
55163	3023	đựng
55164	3024	ơn
55165	3025	ưa
55166	3026	ưa_thích
55211	3027	ưu_đãi
55212	3028	ương
55213	3029	ước_mơ
55214	3030	ước_tính
55215	3031	ướt
55216	3032	ảnh
55221	3033	ảnh_hưởng
55222	3034	ấm_áp
55223	3035	ấn_tượng
55224	3036	ấu
55225	3037	ầm
55226	3038	ẩm
55231	3039	ẩm_thực
55232	3040	ẩn_giấu
55233	3041	ếch
55234	3042	ốc
55235	3043	ốm
55236	3044	ống
55241	3045	ổ_chuột
55242	3046	ổn
55243	3047	ổn_định
55244	3048	ở_không
55245	3049	ở_lại
55246	3050	ủi
55251	3051	ủng
55252	3052	ủng_hộ
55253	3053	ứng
55254	3054	ứng_cử
55255	3055	ứng_dụng
55256	3056	ứng_xử
55261	-	REJECT
55262	-	REJECT
55263	-	REJECT
55264	-	REJECT
55265	-	REJECT
55266	-	REJECT
55311	-	REJECT
55312	-	REJECT
55313	-	REJECT
55314	-	REJECT
55315	-	REJECT
55316	-	REJECT
55321	-	REJECT
55322	-	REJECT
55323	-	REJECT
55324	-	REJECT
55325	-	REJECT
55326	-	REJECT
55331	-	REJECT
55332	-	REJECT
55333	-	REJECT
55334	-	REJECT
55335	-	REJECT
55336	-	REJECT
55341	-	REJECT
55342	-	REJECT
55343	-	REJECT
55344	-	REJECT
55345	-	REJECT
55346	-	REJECT
55351	-	REJECT
55352	-	REJECT
55353	-	REJECT
55354	-	REJECT
55355	-	REJECT
55356	-	REJECT
55361	-	REJECT
55362	-	REJECT
55363	-	REJECT
55364	-	REJECT
55365	-	REJECT
55366	-	REJECT
55411	-	REJECT
55412	-	REJECT
55413	-	REJECT
55414	-	REJECT
55415	-	REJECT
55416	-	REJECT
55421	-	REJECT
55422	-	REJECT
55423	-	REJECT
55424	-	REJECT
55425	-	REJECT
55426	-	REJECT
55431	-	REJECT
55432	-	REJECT
55433	-	REJECT
55434	-	REJECT
55435	-	REJECT
55436	-	REJECT
55441	-	REJECT
55442	-	REJECT
55443	-	REJECT
55444	-	REJECT
55445	-	REJECT
55446	-	REJECT
55451	-	REJECT
55452	-	REJECT
55453	-	REJECT
55454	-	REJECT
55455	-	REJECT
55456	-	REJECT
55461	-	REJECT
55462	-	REJECT
55463	-	REJECT
55464	-	REJECT
55465	-	REJECT
55466	-	REJECT
55511	-	REJECT
55512	-	REJECT
55513	-	REJECT
55514	-	REJECT
55515	-	REJECT
55516	-	REJECT
55521	-	REJECT
55522	-	REJECT
55523	-	REJECT
55524	-	REJECT
55525	-	REJECT
55526	-	REJECT
55531	-	REJECT
55532	-	REJECT
55533	-	REJECT
55534	-	REJECT
55535	-	REJECT
55536	-	REJECT
55541	-	REJECT
55542	-	REJECT
55543	-	REJECT
55544	-	REJECT
55545	-	REJECT
55546	-	REJECT
55551	-	REJECT
55552	-	REJECT
55553	-	REJECT
55554	-	REJECT
55555	-	REJECT
55556	-	REJECT
55561	-	REJECT
55562	-	REJECT
55563	-	REJECT
55564	-	REJECT
55565	-	REJECT
55566	-	REJECT
55611	-	REJECT
55612	-	REJECT
55613	-	REJECT
55614	-	REJECT
55615	-	REJECT
55616	-	REJECT
55621	-	REJECT
55622	-	REJECT
55623	-	REJECT
55624	-	REJECT
55625	-	REJECT
55626	-	REJECT
55631	-	REJECT
55632	-	REJECT
55633	-	REJECT
55634	-	REJECT
55635	-	REJECT
55636	-	REJECT
55641	-	REJECT
55642	-	REJECT
55643	-	REJECT
55644	-	REJECT
55645	-	REJECT
55646	-	REJECT
55651	-	REJECT
55652	-	REJECT
55653	-	REJECT
55654	-	REJECT
55655	-	REJECT
55656	-	REJECT
55661	-	REJECT
55662	-	REJECT
55663	-	REJECT
55664	-	REJECT
55665	-	REJECT
55666	-	REJECT
56111	-	REJECT
56112	-	REJECT
56113	-	REJECT
56114	-	REJECT
56115	-	REJECT
56116	-	REJECT
56121	-	REJECT
56122	-	REJECT
56123	-	REJECT
56124	-	REJECT
56125	-	REJECT
56126	-	REJECT
56131	-	REJECT
56132	-	REJECT
56133	-	REJECT
56134	-	REJECT
56135	-	REJECT
56136	-	REJECT
56141	-	REJECT
56142	-	REJECT
56143	-	REJECT
56144	-	REJECT
56145	-	REJECT
56146	-	REJECT
56151	-	REJECT
56152	-	REJECT
56153	-	REJECT
56154	-	REJECT
56155	-	REJECT
56156	-	REJECT
56161	-	REJECT
56162	-	REJECT
56163	-	REJECT
56164	-	REJECT
56165	-	REJECT
56166	-	REJECT
56211	-	REJECT
56212	-	REJECT
56213	-	REJECT
56214	-	REJECT
56215	-	REJECT
56216	-	REJECT
56221	-	REJECT
56222	-	REJECT
56223	-	REJECT
56224	-	REJECT
56225	-	REJECT
56226	-	REJECT
56231	-	REJECT
56232	-	REJECT
56233	-	REJECT
56234	-	REJECT
56235	-	REJECT
56236	-	REJECT
56241	-	REJECT
56242	-	REJECT
56243	-	REJECT
56244	-	REJECT
56245	-	REJECT
56246	-	REJECT
56251	-	REJECT
56252	-	REJECT
56253	-	REJECT
56254	-	REJECT
56255	-	REJECT
56256	-	REJECT
56261	-	REJECT
56262	-	REJECT
56263	-	REJECT
56264	-	REJECT
56265	-	REJECT
56266	-	REJECT
56311	-	REJECT
56312	-	REJECT
56313	-	REJECT
56314	-	REJECT
56315	-	REJECT
56316	-	REJECT
56321	-	REJECT
56322	-	REJECT
56323	-	REJECT
56324	-	REJECT
56325	-	REJECT
56326	-	REJECT
56331	-	REJECT
56332	-	REJECT
56333	-	REJECT
56334	-	REJECT
56335	-	REJECT
56336	-	REJECT
56341	-	REJECT
56342	-	REJECT
56343	-	REJECT
56344	-	REJECT
56345	-	REJECT
56346	-	REJECT
56351	-	REJECT
56352	-	REJECT
56353	-	REJECT
56354	-	REJECT
56355	-	REJECT
56356	-	REJECT
56361	-	REJECT
56362	-	REJECT
56363	-	REJECT
56364	-	REJECT
56365	-	REJECT
56366	-	REJECT
56411	-	REJECT
56412	-	REJECT
56413	-	REJECT
56414	-	REJECT
56415	-	REJECT
56416	-	REJECT
56421	-	REJECT
56422	-	REJECT
56423	-	REJECT
56424	-	REJECT
56425	-	REJECT
56426	-	REJECT
56431	-	REJECT
56432	-	REJECT
56433	-	REJECT
56434	-	REJECT
56435	-	REJECT
56436	-	REJECT
56441	-	REJECT
56442	-	REJECT
56443	-	REJECT
56444	-	REJECT
56445	-	REJECT
56446	-	REJECT
56451	-	REJECT
56452	-	REJECT
56453	-	REJECT
56454	-	REJECT
56455	-	REJECT
56456	-	REJECT
56461	-	REJECT
56462	-	REJECT
56463	-	REJECT
56464	-	REJECT
56465	-	REJECT
56466	-	REJECT
56511	-	REJECT
56512	-	REJECT
56513	-	REJECT
56514	-	REJECT
56515	-	REJECT
56516	-	REJECT
56521	-	REJECT
56522	-	REJECT
56523	-	REJECT
56524	-	REJECT
56525	-	REJECT
56526	-	REJECT
56531	-	REJECT
56532	-	REJECT
56533	-	REJECT
56534	-	REJECT
56535	-	REJECT
56536	-	REJECT
56541	-	REJECT
56542	-	REJECT
56543	-	REJECT
56544	-	REJECT
56545	-	REJECT
56546	-	REJECT
56551	-	REJECT
56552	-	REJECT
56553	-	REJECT
56554	-	REJECT
56555	-	REJECT
56556	-	REJECT
56561	-	REJECT
56562	-	REJECT
56563	-	REJECT
56564	-	REJECT
56565	-	REJECT
56566	-	REJECT
56611	-	REJECT
56612	-	REJECT
56613	-	REJECT
56614	-	REJECT
56615	-	REJECT
56616	-	REJECT
56621	-	REJECT
56622	-	REJECT
56623	-	REJECT
56624	-	REJECT
56625	-	REJECT
56626	-	REJECT
56631	-	REJECT
56632	-	REJECT
56633	-	REJECT
56634	-	REJECT
56635	-	REJECT
56636	-	REJECT
56641	-	REJECT
56642	-	REJECT
56643	-	REJECT
56644	-	REJECT
56645	-	REJECT
56646	-	REJECT
56651	-	REJECT
56652	-	REJECT
56653	-	REJECT
56654	-	REJECT
56655	-	REJECT
56656	-	REJECT
56661	-	REJECT
56662	-	REJECT
56663	-	REJECT
56664	-	REJECT
56665	-	REJECT
56666	-	REJECT
61111	-	REJECT
61112	-	REJECT
61113	-	REJECT
61114	-	REJECT
61115	-	REJECT
61116	-	REJECT
61121	-	REJECT
61122	-	REJECT
61123	-	REJECT
61124	-	REJECT
61125	-	REJECT
61126	-	REJECT
61131	-	REJECT
61132	-	REJECT
61133	-	REJECT
61134	-	REJECT
61135	-	REJECT
61136	-	REJECT
61141	-	REJECT
61142	-	REJECT
61143	-	REJECT
61144	-	REJECT
61145	-	REJECT
61146	-	REJECT
61151	-	REJECT
61152	-	REJECT
61153	-	REJECT
61154	-	REJECT
61155	-	REJECT
61156	-	REJECT
61161	-	REJECT
61162	-	REJECT
61163	-	REJECT
61164	-	REJECT
61165	-	REJECT
61166	-	REJECT
61211	-	REJECT
61212	-	REJECT
61213	-	REJECT
61214	-	REJECT
61215	-	REJECT
61216	-	REJECT
61221	-	REJECT
61222	-	REJECT
61223	-	REJECT
61224	-	REJECT
61225	-	REJECT
61226	-	REJECT
61231	-	REJECT
61232	-	REJECT
61233	-	REJECT
61234	-	REJECT
61235	-	REJECT
61236	-	REJECT
61241	-	REJECT
61242	-	REJECT
61243	-	REJECT
61244	-	REJECT
61245	-	REJECT
61246	-	REJECT
61251	-	REJECT
61252	-	REJECT
61253	-	REJECT
61254	-	REJECT
61255	-	REJECT
61256	-	REJECT
61261	-	REJECT
61262	-	REJECT
61263	-	REJECT
61264	-	REJECT
61265	-	REJECT
61266	-	REJECT
61311	-	REJECT
61312	-	REJECT
61313	-	REJECT
61314	-	REJECT
61315	-	REJECT
61316	-	REJECT
61321	-	REJECT
61322	-	REJECT
61323	-	REJECT
61324	-	REJECT
61325	-	REJECT
61326	-	REJECT
61331	-	REJECT
61332	-	REJECT
61333	-	REJECT
61334	-	REJECT
61335	-	REJECT
61336	-	REJECT
61341	-	REJECT
61342	-	REJECT
61343	-	REJECT
61344	-	REJECT
61345	-	REJECT
61346	-	REJECT
61351	-	REJECT
61352	-	REJECT
61353	-	REJECT
61354	-	REJECT
61355	-	REJECT
61356	-	REJECT
61361	-	REJECT
61362	-	REJECT
61363	-	REJECT
61364	-	REJECT
61365	-	REJECT
61366	-	REJECT
61411	-	REJECT
61412	-	REJECT
61413	-	REJECT
61414	-	REJECT
61415	-	REJECT
61416	-	REJECT
61421	-	REJECT
61422	-	REJECT
61423	-	REJECT
61424	-	REJECT
61425	-	REJECT
61426	-	REJECT
61431	-	REJECT
61432	-	REJECT
61433	-	REJECT
61434	-	REJECT
61435	-	REJECT
61436	-	REJECT
61441	-	REJECT
61442	-	REJECT
61443	-	REJECT
61444	-	REJECT
61445	-	REJECT
61446	-	REJECT
61451	-	REJECT
61452	-	REJECT
61453	-	REJECT
61454	-	REJECT
61455	-	REJECT
61456	-	REJECT
61461	-	REJECT
61462	-	REJECT
61463	-	REJECT
61464	-	REJECT
61465	-	REJECT
61466	-	REJECT
61511	-	REJECT
61512	-	REJECT
61513	-	REJECT
61514	-	REJECT
61515	-	REJECT
61516	-	REJECT
61521	-	REJECT
61522	-	REJECT
61523	-	REJECT
61524	-	REJECT
61525	-	REJECT
61526	-	REJECT
61531	-	REJECT
61532	-	REJECT
61533	-	REJECT
61534	-	REJECT
61535	-	REJECT
61536	-	REJECT
61541	-	REJECT
61542	-	REJECT
61543	-	REJECT
61544	-	REJECT
61545	-	REJECT
61546	-	REJECT
61551	-	REJECT
61552	-	REJECT
61553	-	REJECT
61554	-	REJECT
61555	-	REJECT
61556	-	REJECT
61561	-	REJECT
61562	-	REJECT
61563	-	REJECT
61564	-	REJECT
61565	-	REJECT
61566	-	REJECT
61611	-	REJECT
61612	-	REJECT
61613	-	REJECT
61614	-	REJECT
61615	-	REJECT
61616	-	REJECT
61621	-	REJECT
61622	-	REJECT
61623	-	REJECT
61624	-	REJECT
61625	-	REJECT
61626	-	REJECT
61631	-	REJECT
61632	-	REJECT
61633	-	REJECT
61634	-	REJECT
61635	-	REJECT
61636	-	REJECT
61641	-	REJECT
61642	-	REJECT
61643	-	REJECT
61644	-	REJECT
61645	-	REJECT
61646	-	REJECT
61651	-	REJECT
61652	-	REJECT
61653	-	REJECT
61654	-	REJECT
61655	-	REJECT
61656	-	REJECT
61661	-	REJECT
61662	-	REJECT
61663	-	REJECT
61664	-	REJECT
61665	-	REJECT
61666	-	REJECT
62111	-	REJECT
62112	-	REJECT
62113	-	REJECT
62114	-	REJECT
62115	-	REJECT
62116	-	REJECT
62121	-	REJECT
62122	-	REJECT
62123	-	REJECT
62124	-	REJECT
62125	-	REJECT
62126	-	REJECT
62131	-	REJECT
62132	-	REJECT
62133	-	REJECT
62134	-	REJECT
62135	-	REJECT
62136	-	REJECT
62141	-	REJECT
62142	-	REJECT
62143	-	REJECT
62144	-	REJECT
62145	-	REJECT
62146	-	REJECT
62151	-	REJECT
62152	-	REJECT
62153	-	REJECT
62154	-	REJECT
62155	-	REJECT
62156	-	REJECT
62161	-	REJECT
62162	-	REJECT
62163	-	REJECT
62164	-	REJECT
62165	-	REJECT
62166	-	REJECT
62211	-	REJECT
62212	-	REJECT
62213	-	REJECT
62214	-	REJECT
62215	-	REJECT
62216	-	REJECT
62221	-	REJECT
62222	-	REJECT
62223	-	REJECT
62224	-	REJECT
62225	-	REJECT
62226	-	REJECT
62231	-	REJECT
62232	-	REJECT
62233	-	REJECT
62234	-	REJECT
62235	-	REJECT
62236	-	REJECT
62241	-	REJECT
62242	-	REJECT
62243	-	REJECT
62244	-	REJECT
62245	-	REJECT
62246	-	REJECT
62251	-	REJECT
62252	-	REJECT
62253	-	REJECT
62254	-	REJECT
62255	-	REJECT
62256	-	REJECT
62261	-	REJECT
62262	-	REJECT
62263	-	REJECT
62264	-	REJECT
62265	-	REJECT
62266	-	REJECT
62311	-	REJECT
62312	-	REJECT
62313	-	REJECT
62314	-	REJECT
62315	-	REJECT
62316	-	REJECT
62321	-	REJECT
62322	-	REJECT
62323	-	REJECT
62324	-	REJECT
62325	-	REJECT
62326	-	REJECT
62331	-	REJECT
62332	-	REJECT
62333	-	REJECT
62334	-	REJECT
62335	-	REJECT
62336	-	REJECT
62341	-	REJECT
62342	-	REJECT
62343	-	REJECT
62344	-	REJECT
62345	-	REJECT
62346	-	REJECT
62351	-	REJECT
62352	-	REJECT
62353	-	REJECT
62354	-	REJECT
62355	-	REJECT
62356	-	REJECT
62361	-	REJECT
62362	-	REJECT
62363	-	REJECT
62364	-	REJECT
62365	-	REJECT
62366	-	REJECT
62411	-	REJECT
62412	-	REJECT
62413	-	REJECT
62414	-	REJECT
62415	-	REJECT
62416	-	REJECT
62421	-	REJECT
62422	-	REJECT
62423	-	REJECT
62424	-	REJECT
62425	-	REJECT
62426	-	REJECT
62431	-	REJECT
62432	-	REJECT
62433	-	REJECT
62434	-	REJECT
62435	-	REJECT
62436	-	REJECT
62441	-	REJECT
62442	-	REJECT
62443	-	REJECT
62444	-	REJECT
62445	-	REJECT
62446	-	REJECT
62451	-	REJECT
62452	-	REJECT
62453	-	REJECT
62454	-	REJECT
62455	-	REJECT
62456	-	REJECT
62461	-	REJECT
62462	-	REJECT
62463	-	REJECT
62464	-	REJECT
62465	-	REJECT
62466	-	REJECT
62511	-	REJECT
62512	-	REJECT
62513	-	REJECT
62514	-	REJECT
62515	-	REJECT
62516	-	REJECT
62521	-	REJECT
62522	-	REJECT
62523	-	REJECT
62524	-	REJECT
62525	-	REJECT
62526	-	REJECT
62531	-	REJECT
62532	-	REJECT
62533	-	REJECT
62534	-	REJECT
62535	-	REJECT
62536	-	REJECT
62541	-	REJECT
62542	-	REJECT
62543	-	REJECT
62544	-	REJECT
62545	-	REJECT
62546	-	REJECT
62551	-	REJECT
62552	-	REJECT
62553	-	REJECT
62554	-	REJECT
62555	-	REJECT
62556	-	REJECT
62561	-	REJECT
62562	-	REJECT
62563	-	REJECT
62564	-	REJECT
62565	-	REJECT
62566	-	REJECT
62611	-	REJECT
62612	-	REJECT
62613	-	REJECT
62614	-	REJECT
62615	-	REJECT
62616	-	REJECT
62621	-	REJECT
62622	-	REJECT
62623	-	REJECT
62624	-	REJECT
62625	-	REJECT
62626	-	REJECT
62631	-	REJECT
62632	-	REJECT
62633	-	REJECT
62634	-	REJECT
62635	-	REJECT
62636	-	REJECT
62641	-	REJECT
62642	-	REJECT
62643	-	REJECT
62644	-	REJECT
62645	-	REJECT
62646	-	REJECT
62651	-	REJECT
62652	-	REJECT
62653	-	REJECT
62654	-	REJECT
62655	-	REJECT
62656	-	REJECT
62661	-	REJECT
62662	-	REJECT
62663	-	REJECT
62664	-	REJECT
62665	-	REJECT
62666	-	REJECT
63111	-	REJECT
63112	-	REJECT
63113	-	REJECT
63114	-	REJECT
63115	-	REJECT
63116	-	REJECT
63121	-	REJECT
63122	-	REJECT
63123	-	REJECT
63124	-	REJECT
63125	-	REJECT
63126	-	REJECT
63131	-	REJECT
63132	-	REJECT
63133	-	REJECT
63134	-	REJECT
63135	-	REJECT
63136	-	REJECT
63141	-	REJECT
63142	-	REJECT
63143	-	REJECT
63144	-	REJECT
63145	-	REJECT
63146	-	REJECT
63151	-	REJECT
63152	-	REJECT
63153	-	REJECT
63154	-	REJECT
63155	-	REJECT
63156	-	REJECT
63161	-	REJECT
63162	-	REJECT
63163	-	REJECT
63164	-	REJECT
63165	-	REJECT
63166	-	REJECT
63211	-	REJECT
63212	-	REJECT
63213	-	REJECT
63214	-	REJECT
63215	-	REJECT
63216	-	REJECT
63221	-	REJECT
63222	-	REJECT
63223	-	REJECT
63224	-	REJECT
63225	-	REJECT
63226	-	REJECT
63231	-	REJECT
63232	-	REJECT
63233	-	REJECT
63234	-	REJECT
63235	-	REJECT
63236	-	REJECT
63241	-	REJECT
63242	-	REJECT
63243	-	REJECT
63244	-	REJECT
63245	-	REJECT
63246	-	REJECT
63251	-	REJECT
63252	-	REJECT
63253	-	REJECT
63254	-	REJECT
63255	-	REJECT
63256	-	REJECT
63261	-	REJECT
63262	-	REJECT
63263	-	REJECT
63264	-	REJECT
63265	-	REJECT
63266	-	REJECT
63311	-	REJECT
63312	-	REJECT
63313	-	REJECT
63314	-	REJECT
63315	-	REJECT
63316	-	REJECT
63321	-	REJECT
63322	-	REJECT
63323	-	REJECT
63324	-	REJECT
63325	-	REJECT
63326	-	REJECT
63331	-	REJECT
63332	-	REJECT
63333	-	REJECT
63334	-	REJECT
63335	-	REJECT
63336	-	REJECT
63341	-	REJECT
63342	-	REJECT
63343	-	REJECT
63344	-	REJECT
63345	-	REJECT
63346	-	REJECT
63351	-	REJECT
63352	-	REJECT
63353	-	REJECT
63354	-	REJECT
63355	-	REJECT
63356	-	REJECT
63361	-	REJECT
63362	-	REJECT
63363	-	REJECT
63364	-	REJECT
63365	-	REJECT
63366	-	REJECT
63411	-	REJECT
63412	-	REJECT
63413	-	REJECT
63414	-	REJECT
63415	-	REJECT
63416	-	REJECT
63421	-	REJECT
63422	-	REJECT
63423	-	REJECT
63424	-	REJECT
63425	-	REJECT
63426	-	REJECT
63431	-	REJECT
63432	-	REJECT
63433	-	REJECT
63434	-	REJECT
63435	-	REJECT
63436	-	REJECT
63441	-	REJECT
63442	-	REJECT
63443	-	REJECT
63444	-	REJECT
63445	-	REJECT
63446	-	REJECT
63451	-	REJECT
63452	-	REJECT
63453	-	REJECT
63454	-	REJECT
63455	-	REJECT
63456	-	REJECT
63461	-	REJECT
63462	-	REJECT
63463	-	REJECT
63464	-	REJECT
63465	-	REJECT
63466	-	REJECT
63511	-	REJECT
63512	-	REJECT
63513	-	REJECT
63514	-	REJECT
63515	-	REJECT
63516	-	REJECT
63521	-	REJECT
63522	-	REJECT
63523	-	REJECT
63524	-	REJECT
63525	-	REJECT
63526	-	REJECT
63531	-	REJECT
63532	-	REJECT
63533	-	REJECT
63534	-	REJECT
63535	-	REJECT
63536	-	REJECT
63541	-	REJECT
63542	-	REJECT
63543	-	REJECT
63544	-	REJECT
63545	-	REJECT
63546	-	REJECT
63551	-	REJECT
63552	-	REJECT
63553	-	REJECT
63554	-	REJECT
63555	-	REJECT
63556	-	REJECT
63561	-	REJECT
63562	-	REJECT
63563	-	REJECT
63564	-	REJECT
63565	-	REJECT
63566	-	REJECT
63611	-	REJECT
63612	-	REJECT
63613	-	REJECT
63614	-	REJECT
63615	-	REJECT
63616	-	REJECT
63621	-	REJECT
63622	-	REJECT
63623	-	REJECT
63624	-	REJECT
63625	-	REJECT
63626	-	REJECT
63631	-	REJECT
63632	-	REJECT
63633	-	REJECT
63634	-	REJECT
63635	-	REJECT
63636	-	REJECT
63641	-	REJECT
63642	-	REJECT
63643	-	REJECT
63644	-	REJECT
63645	-	REJECT
63646	-	REJECT
63651	-	REJECT
63652	-	REJECT
63653	-	REJECT
63654	-	REJECT
63655	-	REJECT
63656	-	REJECT
63661	-	REJECT
63662	-	REJECT
63663	-	REJECT
63664	-	REJECT
63665	-	REJECT
63666	-	REJECT
64111	-	REJECT
64112	-	REJECT
64113	-	REJECT
64114	-	REJECT
64115	-	REJECT
64116	-	REJECT
64121	-	REJECT
64122	-	REJECT
64123	-	REJECT
64124	-	REJECT
64125	-	REJECT
64126	-	REJECT
64131	-	REJECT
64132	-	REJECT
64133	-	REJECT
64134	-	REJECT
64135	-	REJECT
64136	-	REJECT
64141	-	REJECT
64142	-	REJECT
64143	-	REJECT
64144	-	REJECT
64145	-	REJECT
64146	-	REJECT
64151	-	REJECT
64152	-	REJECT
64153	-	REJECT
64154	-	REJECT
64155	-	REJECT
64156	-	REJECT
64161	-	REJECT
64162	-	REJECT
64163	-	REJECT
64164	-	REJECT
64165	-	REJECT
64166	-	REJECT
64211	-	REJECT
64212	-	REJECT
64213	-	REJECT
64214	-	REJECT
64215	-	REJECT
64216	-	REJECT
64221	-	REJECT
64222	-	REJECT
64223	-	REJECT
64224	-	REJECT
64225	-	REJECT
64226	-	REJECT
64231	-	REJECT
64232	-	REJECT
64233	-	REJECT
64234	-	REJECT
64235	-	REJECT
64236	-	REJECT
64241	-	REJECT
64242	-	REJECT
64243	-	REJECT
64244	-	REJECT
64245	-	REJECT
64246	-	REJECT
64251	-	REJECT
64252	-	REJECT
64253	-	REJECT
64254	-	REJECT
64255	-	REJECT
64256	-	REJECT
64261	-	REJECT
64262	-	REJECT
64263	-	REJECT
64264	-	REJECT
64265	-	REJECT
64266	-	REJECT
64311	-	REJECT
64312	-	REJECT
64313	-	REJECT
64314	-	REJECT
64315	-	REJECT
64316	-	REJECT
64321	-	REJECT
64322	-	REJECT
64323	-	REJECT
64324	-	REJECT
64325	-	REJECT
64326	-	REJECT
64331	-	REJECT
64332	-	REJECT
64333	-	REJECT
64334	-	REJECT
64335	-	REJECT
64336	-	REJECT
64341	-	REJECT
64342	-	REJECT
64343	-	REJECT
64344	-	REJECT
64345	-	REJECT
64346	-	REJECT
64351	-	REJECT
64352	-	REJECT
64353	-	REJECT
64354	-	REJECT
64355	-	REJECT
64356	-	REJECT
64361	-	REJECT
64362	-	REJECT
64363	-	REJECT
64364	-	REJECT
64365	-	REJECT
64366	-	REJECT
64411	-	REJECT
64412	-	REJECT
64413	-	REJECT
64414	-	REJECT
64415	-	REJECT
64416	-	REJECT
64421	-	REJECT
64422	-	REJECT
64423	-	REJECT
64424	-	REJECT
64425	-	REJECT
64426	-	REJECT
64431	-	REJECT
64432	-	REJECT
64433	-	REJECT
64434	-	REJECT
64435	-	REJECT
64436	-	REJECT
64441	-	REJECT
64442	-	REJECT
64443	-	REJECT
64444	-	REJECT
64445	-	REJECT
64446	-	REJECT
64451	-	REJECT
64452	-	REJECT
64453	-	REJECT
64454	-	REJECT
64455	-	REJECT
64456	-	REJECT
64461	-	REJECT
64462	-	REJECT
64463	-	REJECT
64464	-	REJECT
64465	-	REJECT
64466	-	REJECT
64511	-	REJECT
64512	-	REJECT
64513	-	REJECT
64514	-	REJECT
64515	-	REJECT
64516	-	REJECT
64521	-	REJECT
64522	-	REJECT
64523	-	REJECT
64524	-	REJECT
64525	-	REJECT
64526	-	REJECT
64531	-	REJECT
64532	-	REJECT
64533	-	REJECT
64534	-	REJECT
64535	-	REJECT
64536	-	REJECT
64541	-	REJECT
64542	-	REJECT
64543	-	REJECT
64544	-	REJECT
64545	-	REJECT
64546	-	REJECT
64551	-	REJECT
64552	-	REJECT
64553	-	REJECT
64554	-	REJECT
64555	-	REJECT
64556	-	REJECT
64561	-	REJECT
64562	-	REJECT
64563	-	REJECT
64564	-	REJECT
64565	-	REJECT
64566	-	REJECT
64611	-	REJECT
64612	-	REJECT
64613	-	REJECT
64614	-	REJECT
64615	-	REJECT
64616	-	REJECT
64621	-	REJECT
64622	-	REJECT
64623	-	REJECT
64624	-	REJECT
64625	-	REJECT
64626	-	REJECT
64631	-	REJECT
64632	-	REJECT
64633	-	REJECT
64634	-	REJECT
64635	-	REJECT
64636	-	REJECT
64641	-	REJECT
64642	-	REJECT
64643	-	REJECT
64644	-	REJECT
64645	-	REJECT
64646	-	REJECT
64651	-	REJECT
64652	-	REJECT
64653	-	REJECT
64654	-	REJECT
64655	-	REJECT
64656	-	REJECT
64661	-	REJECT
64662	-	REJECT
64663	-	REJECT
64664	-	REJECT
64665	-	REJECT
64666	-	REJECT
65111	-	REJECT
65112	-	REJECT
65113	-	REJECT
65114	-	REJECT
65115	-	REJECT
65116	-	REJECT
65121	-	REJECT
65122	-	REJECT
65123	-	REJECT
65124	-	REJECT
65125	-	REJECT
65126	-	REJECT
65131	-	REJECT
65132	-	REJECT
65133	-	REJECT
65134	-	REJECT
65135	-	REJECT
65136	-	REJECT
65141	-	REJECT
65142	-	REJECT
65143	-	REJECT
65144	-	REJECT
65145	-	REJECT
65146	-	REJECT
65151	-	REJECT
65152	-	REJECT
65153	-	REJECT
65154	-	REJECT
65155	-	REJECT
65156	-	REJECT
65161	-	REJECT
65162	-	REJECT
65163	-	REJECT
65164	-	REJECT
65165	-	REJECT
65166	-	REJECT
65211	-	REJECT
65212	-	REJECT
65213	-	REJECT
65214	-	REJECT
65215	-	REJECT
65216	-	REJECT
65221	-	REJECT
65222	-	REJECT
65223	-	REJECT
65224	-	REJECT
65225	-	REJECT
65226	-	REJECT
65231	-	REJECT
65232	-	REJECT
65233	-	REJECT
65234	-	REJECT
65235	-	REJECT
65236	-	REJECT
65241	-	REJECT
65242	-	REJECT
65243	-	REJECT
65244	-	REJECT
65245	-	REJECT
65246	-	REJECT
65251	-	REJECT
65252	-	REJECT
65253	-	REJECT
65254	-	REJECT
65255	-	REJECT
65256	-	REJECT
65261	-	REJECT
65262	-	REJECT
65263	-	REJECT
65264	-	REJECT
65265	-	REJECT
65266	-	REJECT
65311	-	REJECT
65312	-	REJECT
65313	-	REJECT
65314	-	REJECT
65315	-	REJECT
65316	-	REJECT
65321	-	REJECT
65322	-	REJECT
65323	-	REJECT
65324	-	REJECT
65325	-	REJECT
65326	-	REJECT
65331	-	REJECT
65332	-	REJECT
65333	-	REJECT
65334	-	REJECT
65335	-	REJECT
65336	-	REJECT
65341	-	REJECT
65342	-	REJECT
65343	-	REJECT
65344	-	REJECT
65345	-	REJECT
65346	-	REJECT
65351	-	REJECT
65352	-	REJECT
65353	-	REJECT
65354	-	REJECT
65355	-	REJECT
65356	-	REJECT
65361	-	REJECT
65362	-	REJECT
65363	-	REJECT
65364	-	REJECT
65365	-	REJECT
65366	-	REJECT
65411	-	REJECT
65412	-	REJECT
65413	-	REJECT
65414	-	REJECT
65415	-	REJECT
65416	-	REJECT
65421	-	REJECT
65422	-	REJECT
65423	-	REJECT
65424	-	REJECT
65425	-	REJECT
65426	-	REJECT
65431	-	REJECT
65432	-	REJECT
65433	-	REJECT
65434	-	REJECT
65435	-	REJECT
65436	-	REJECT
65441	-	REJECT
65442	-	REJECT
65443	-	REJECT
65444	-	REJECT
65445	-	REJECT
65446	-	REJECT
65451	-	REJECT
65452	-	REJECT
65453	-	REJECT
65454	-	REJECT
65455	-	REJECT
65456	-	REJECT
65461	-	REJECT
65462	-	REJECT
65463	-	REJECT
65464	-	REJECT
65465	-	REJECT
65466	-	REJECT
65511	-	REJECT
65512	-	REJECT
65513	-	REJECT
65514	-	REJECT
65515	-	REJECT
65516	-	REJECT
65521	-	REJECT
65522	-	REJECT
65523	-	REJECT
65524	-	REJECT
65525	-	REJECT
65526	-	REJECT
65531	-	REJECT
65532	-	REJECT
65533	-	REJECT
65534	-	REJECT
65535	-	REJECT
65536	-	REJECT
65541	-	REJECT
65542	-	REJECT
65543	-	REJECT
65544	-	REJECT
65545	-	REJECT
65546	-	REJECT
65551	-	REJECT
65552	-	REJECT
65553	-	REJECT
65554	-	REJECT
65555	-	REJECT
65556	-	REJECT
65561	-	REJECT
65562	-	REJECT
65563	-	REJECT
65564	-	REJECT
65565	-	REJECT
65566	-	REJECT
65611	-	REJECT
65612	-	REJECT
65613	-	REJECT
65614	-	REJECT
65615	-	REJECT
65616	-	REJECT
65621	-	REJECT
65622	-	REJECT
65623	-	REJECT
65624	-	REJECT
65625	-	REJECT
65626	-	REJECT
65631	-	REJECT
65632	-	REJECT
65633	-	REJECT
65634	-	REJECT
65635	-	REJECT
65636	-	REJECT
65641	-	REJECT
65642	-	REJECT
65643	-	REJECT
65644	-	REJECT
65645	-	REJECT
65646	-	REJECT
65651	-	REJECT
65652	-	REJECT
65653	-	REJECT
65654	-	REJECT
65655	-	REJECT
65656	-	REJECT
65661	-	REJECT
65662	-	REJECT
65663	-	REJECT
65664	-	REJECT
65665	-	REJECT
65666	-	REJECT
66111	-	REJECT
66112	-	REJECT
66113	-	REJECT
66114	-	REJECT
66115	-	REJECT
66116	-	REJECT
66121	-	REJECT
66122	-	REJECT
66123	-	REJECT
66124	-	REJECT
66125	-	REJECT
66126	-	REJECT
66131	-	REJECT
66132	-	REJECT
66133	-	REJECT
66134	-	REJECT
66135	-	REJECT
66136	-	REJECT
66141	-	REJECT
66142	-	REJECT
66143	-	REJECT
66144	-	REJECT
66145	-	REJECT
66146	-	REJECT
66151	-	REJECT
66152	-	REJECT
66153	-	REJECT
66154	-	REJECT
66155	-	REJECT
66156	-	REJECT
66161	-	REJECT
66162	-	REJECT
66163	-	REJECT
66164	-	REJECT
66165	-	REJECT
66166	-	REJECT
66211	-	REJECT
66212	-	REJECT
66213	-	REJECT
66214	-	REJECT
66215	-	REJECT
66216	-	REJECT
66221	-	REJECT
66222	-	REJECT
66223	-	REJECT
66224	-	REJECT
66225	-	REJECT
66226	-	REJECT
66231	-	REJECT
66232	-	REJECT
66233	-	REJECT
66234	-	REJECT
66235	-	REJECT
66236	-	REJECT
66241	-	REJECT
66242	-	REJECT
66243	-	REJECT
66244	-	REJECT
66245	-	REJECT
66246	-	REJECT
66251	-	REJECT
66252	-	REJECT
66253	-	REJECT
66254	-	REJECT
66255	-	REJECT
66256	-	REJECT
66261	-	REJECT
66262	-	REJECT
66263	-	REJECT
66264	-	REJECT
66265	-	REJECT
66266	-	REJECT
66311	-	REJECT
66312	-	REJECT
66313	-	REJECT
66314	-	REJECT
66315	-	REJECT
66316	-	REJECT
66321	-	REJECT
66322	-	REJECT
66323	-	REJECT
66324	-	REJECT
66325	-	REJECT
66326	-	REJECT
66331	-	REJECT
66332	-	REJECT
66333	-	REJECT
66334	-	REJECT
66335	-	REJECT
66336	-	REJECT
66341	-	REJECT
66342	-	REJECT
66343	-	REJECT
66344	-	REJECT
66345	-	REJECT
66346	-	REJECT
66351	-	REJECT
66352	-	REJECT
66353	-	REJECT
66354	-	REJECT
66355	-	REJECT
66356	-	REJECT
66361	-	REJECT
66362	-	REJECT
66363	-	REJECT
66364	-	REJECT
66365	-	REJECT
66366	-	REJECT
66411	-	REJECT
66412	-	REJECT
66413	-	REJECT
66414	-	REJECT
66415	-	REJECT
66416	-	REJECT
66421	-	REJECT
66422	-	REJECT
66423	-	REJECT
66424	-	REJECT
66425	-	REJECT
66426	-	REJECT
66431	-	REJECT
66432	-	REJECT
66433	-	REJECT
66434	-	REJECT
66435	-	REJECT
66436	-	REJECT
66441	-	REJECT
66442	-	REJECT
66443	-	REJECT
66444	-	REJECT
66445	-	REJECT
66446	-	REJECT
66451	-	REJECT
66452	-	REJECT
66453	-	REJECT
66454	-	REJECT
66455	-	REJECT
66456	-	REJECT
66461	-	REJECT
66462	-	REJECT
66463	-	REJECT
66464	-	REJECT
66465	-	REJECT
66466	-	REJECT
66511	-	REJECT
66512	-	REJECT
66513	-	REJECT
66514	-	REJECT
66515	-	REJECT
66516	-	REJECT
66521	-	REJECT
66522	-	REJECT
66523	-	REJECT
66524	-	REJECT
66525	-	REJECT
66526	-	REJECT
66531	-	REJECT
66532	-	REJECT
66533	-	REJECT
66534	-	REJECT
66535	-	REJECT
66536	-	REJECT
66541	-	REJECT
66542	-	REJECT
66543	-	REJECT
66544	-	REJECT
66545	-	REJECT
66546	-	REJECT
66551	-	REJECT
66552	-	REJECT
66553	-	REJECT
66554	-	REJECT
66555	-	REJECT
66556	-	REJECT
66561	-	REJECT
66562	-	REJECT
66563	-	REJECT
66564	-	REJECT
66565	-	REJECT
66566	-	REJECT
66611	-	REJECT
66612	-	REJECT
66613	-	REJECT
66614	-	REJECT
66615	-	REJECT
66616	-	REJECT
66621	-	REJECT
66622	-	REJECT
66623	-	REJECT
66624	-	REJECT
66625	-	REJECT
66626	-	REJECT
66631	-	REJECT
66632	-	REJECT
66633	-	REJECT
66634	-	REJECT
66635	-	REJECT
66636	-	REJECT
66641	-	REJECT
66642	-	REJECT
66643	-	REJECT
66644	-	REJECT
66645	-	REJECT
66646	-	REJECT
66651	-	REJECT
66652	-	REJECT
66653	-	REJECT
66654	-	REJECT
66655	-	REJECT
66656	-	REJECT
66661	-	REJECT
66662	-	REJECT
66663	-	REJECT
66664	-	REJECT
66665	-	REJECT
66666	-	REJECT
